name,name2,HPM
100AM,100 AM,0
111 Somerset,111 Somerset,0
i12 Katong,112 Katong,0
313@somerset,313@somerset,0
321 Clementi,321 Clementi,0
888 Plaza,888 Plaza,0
Admiralty Place,Admiralty Place,0
Alexandra Central Mall,Alexandra Central,0
Alexandra Retail Centre,Alexandra Retail Centre,0
AMK Hub,AMK Hub,1
Anchorpoint,Anchorpoint,1
Anchorvale Village,Anchorvale Village,0
Aperia Mall,Aperia,0
Beauty World Centre,Beauty World Centre,0
Bedok Mall ,Bedok Mall,1
Boon Lay Shopping Centre,Boon Lay Shopping Centre,0
Bras Basah Complex,Bras Basah Complex,0
Buangkok Square,Buangkok Square,1
Bugis Junction,Bugis Junction,1
Bugis Street,Bugis Street,1
Bugis+,Bugis+,1
Bukit Panjang Plaza,Bukit Panjang Plaza,1
Bukit Timah Plaza,Bukit Timah Plaza,0
Bukit Timah Shopping Centre,Bukit Timah Shopping Centre,0
Canberra Plaza,Canberra Plaza,1
Capitol Singapore,Capitol Singapore,0
Causeway Point,Causeway Point,0
Century Square,Century Square,1
Changi City Point,Changi City Point,1
Chinatown Point,Chinatown Point,0
Cinelesiure,Cinelesiure,0
City Plaza,City Plaza,0
City Square Mall,City Square Mall,0
Citylink,Citylink,0
Compass One,Compass One,1
Coronation Shopping Plaza,Coronation Shopping Plaza,0
CQ@Clarke Quay,CQ@Clarke Quay,0
Dawson PLace,Dawson PLace,0
Delfi Orchard,Delfi Orchard,0
Depot Heights Shopping Centre,Depot Heights Shopping Centre,0
Djitsun Mall Ang Mo Kio,Djit sun Mall Ang Mo Kio,0
Djitsun Mall Bedok,Djitsun Mall Bedok,0
Downtown East,Downtown East,1
Eastpoint,Eastpoint Mall,1
Elias Mall,Elias Mall,1
Fajar Shopping Centre,Fajar Shopping Centre,0
Far East Square,Far East Square,0
Fortune Centre,Fortune Centre,0
Forum Shopping Mall,Forum Shopping Mall,0
Funan,Funan,1
GR.ID,GR.ID,0
Grantral Mall@Clementi,Grantral Mall@Clementi,0
Grantral Mall@Macpherson,Grantral Mall@Macpherson,0
Great World Shopping Centre,Great World City,0
Greenridge Shopping Centre,Greenridge Shopping Centre,0
Greenwich V,Greenwich V,0
Guoco Tower,Guoco Tower,0
Harbourfront Centre,Harbourfront Centre,0
Heartland Mall,Heartland Mall,0
Hillion Mall,Hillion Mall,1
Hillv2,Hillv2,0
Hougang 1,Hougang 1,0
Hougang Mall,Hougang Mall,0
Hougang Rivercourt,Hougang Rivercourt,1
Icon Village,Icon Village,0
IMM,IMM,1
ION Orchard,ION Orchard,0
Jelita Mall,Jelita Mall,0
Jem,Jem,1
Jewel Changi Airport,Jewel Changi Airport,0
Joo Chiat Complex,Joo Chiat Complex,0
Jubilee Square,Jubilee Square,0
Junction 10,Junction 10,0
Junction 8,Junction 8,1
Junction Nine,Junction Nine,0
Jurong Point,Jurong Point,1
Kada@Maxwell,Kada@Maxwell,0
Kallang Wave Mall,Kallang Wave Mall,0
Kampung Admiralty,Kampung Admiralty,1
KAP Mall,KAP,0
Katong Shopping Centre,Katong Shopping Centre,0
Katong V,Katong V,0
KINEX,KINEX,1
Kitchener Complex,Kitchener Complex,0
Komo Shoppes,Komo Shoppes,0
Le Quest,Le Quest,0
Lentor Modern,Lentor Modern,0
Limbang Shopping Centre,Limbang Shopping Centre,1
Lot One Shoppers' Mall,Lot One Shoppers' Mall,1
Loyang Point,Loyang Point,0
Lucky Chinatown,Lucky Chinatown,0
Lucky Plaza,Lucky Plaza,0
Mandarin Orchard,Mandarin Orchard,0
Marina Square,Marina Square,0
Millenia Walk,Millenia Walk,0
New Bahru,New Bahru,0
New Bridge Centre,New Bridge Centre,0
Nex,Nex,1
Ngee Ann City,Ngee Ann City,0
Northpoint City,Northpoint City,0
Northshore Plaza,Northshore Plaza,1
NTP+,NTP+,0
Oasis Terraces,Oasis Terraces,1
One Holland Village,One Holland Village,0
One Raffles Place,One Raffles Place,0
Orchard Central,Orchard Central,0
Orchard Gateway,Orchard Gateway,0
Pacific Plaza,Pacific Plaza,0
Palais Renaissance,Palais Renaissance,0
Parc Point,Parc Point,0
Parkway Parade,Parkway Parade,1
Pasir Ris Mall,Pasir Ris Mall,0
Pasir Ris West Plaza,Pasir Ris West Plaza,0
Paya Lebar Quarter,Paya Lebar Quarter,1
Paya Lebar Square,Paya Lebar Square,0
Peninsula Plaza,Peninsula Plaza,0
Peninsula Shopping Centre,Peninsula Shopping Complex,0
People Park Complex ,People Park Complex ,0
Pioneer Mall,Pioneer Mall,0
Plantation Plaza,Plantation Plaza,1
Plaza Singapura,Plaza Singapura,0
Punggol Coast Mall,Punggol Coast Mall,0
Punggol Plaza,Punggol Plaza,0
Queensway Shopping Centre,Queensway Shopping Centre,0
Raffles City Shopping Centre,Raffles City Shopping Centre,0
Riverside Point,Riverside Point,0
Rivervale Mall,Rivervale Mall,0
Rivervale Plaza,Rivervale Plaza,1
Rochester Mall,Rochester Mall,0
Scotts Square,Scotts Square,0
Sembawang Point,Sembawang Point,0
Sembawang Shopping Centre,Sembawang Shopping Centre,0
Sengkang Grand,Sengkang Grand Mall,0
Serene Centre,Serene Centre,0
Shaw Centre,Shaw Centre,0
Weave@MBS,Showplace (Resorts World Sentosa),0
Siglap Centre,Siglap Centre,0
Sim Lim Square,Sim Lim Square,0
Singpost Centre,Singpost Centre,1
Square 2,Square 2,0
Sun Plaza,Sun Plaza,0
Sunshine Place,Sunshine Place,0
Suntec City,Suntec City,1
Taman Jurong Shopping Centre,Taman Jurong Shopping Centre,0
Tampines 1,Tampines 1,1
Tampines Mall,Tampines Mall,1
Tanglin Mall,Tanglin Mall,0
Tanglin Place,Tanglin Place,0
Teck Whye SC,Teck Whye SC,0
Tekka Place,Tekka Place,1
Terminal 3,Terminal 3,1
The Cathay,The Cathay,0
Clarke Quay Central,The Central,0
The Centrepoint,The Centrepoint,0
The Clementi Mall,The Clementi Mall,0
The Flow at East Coast,The Flow Mall,0
The Heeren,The Heeren,0
Paragon,The Paragon,0
THe Poiz Centre,The Poiz Centre,0
The Seletar Mall,The Seletar Mall,0
The Shoppes@MBS,The Shoppes@MBS,0
The Star Vista,The Star Vista,1
The Woodleigh Mall,The Woodleigh Mall,0
Thomson Plaza,Thomson Plaza,0
Tiong Bahru Plaza,Tiong Bahru Plaza,1
UE Square,UE Square,0
United Square,United Square,1
Valley Point,Valley Point,0
Velocity @ Novena Square,Velocity @ Novena Square,1
Vista Point,Vista Point,0
Vivo City,VivoCity,0
Waterway Point,Waterway Point,1
West Coast Plaza,West Coast Plaza,0
West Mall,West Mall,0
Westgate,Westgate,1
Wheelock Place,Wheelock Place,0
White Sands,White Sands,1
Wilkie Edge,Wilkie Edge,0
Wisma Atria,Wisma Atria,0
Wisteria Mall,Wisteria Mall,0
Woodlands Mart,Woodlands Mart,0
Woodlands North Plaza,Woodlands North Plaza,0
Woods Square,Woods Square,0
Yew Tee Square,Yew Tee Square,0
YewTee Point,YewTee Point,1
Zhongshan Mall,Zhongshan Mall,1