name,address,vaccine,postal
Kent Ridge Clinic,"1 Lower Kent Ridge Road, One@KentRidge #01-40, Singapore 11908",Pfizer/Comirnaty (JN.1)(5 to 11 years old)(12 years old & above),11908
The Clinic @ Marina One,"5 Straits View, Marina One The Heart #01-07, Singapore 018935","Pfizer/Comirnaty (JN.1) (12 years old & above), Moderna/Spikevax (JN.1) (12 years old and above)",18935
Raffles Medical (Marina Bay Financial Centre),"12 Marina Boulevard, Marina Bay Financial Centre Tower 3 #17-05, Singapore 018982",Pfizer/Comirnaty (JN.1) (12 years old & above),18982
Minmed Clinic (Marina Bay),"8A Marina Boulevard, Marina Bay Link Mall #B2-73/74, Singapore 018984",Pfizer/Comirnaty (JN.1) (12 years old & above),18984
Bethesda Medical Centre (Suntec),"3 Temasek Boulevard, Suntec City Mall #03-330, Singapore 038983","Pfizer/Comirnaty (JN.1)(5 to 11 years old)(12 years old & above), Moderna/Spikevax (JN.1)(5 years old to 11 years old)(12 years old and above)",38983
Raffles Medical (Marina Square),"6 Raffles Boulevard, Marina Square #01-212, Singapore 039594",Moderna/Spikevax (JN.1) (12 years old and above),39594
The Clinic @ Taiseng,"18 Tai Seng Street, Mapletree 18 #01-45481, Singapore 539775","Pfizer/Comirnaty (JN.1) (12 years old & above), Moderna/Spikevax (JN.1) (12 years old and above)",45481
Raffles Medical (Raffles Place),"50 Raffles Place, Singapore Land Tower, #01-02A, Singapore 048623",Pfizer/Comirnaty (JN.1) (12 years old & above),48623
The Clinic @ Capitagreen,"138 Market Street, Capitagreen #02-01A, Singapore 048946","Pfizer/Comirnaty (JN.1) (12 years old & above), Moderna/Spikevax (JN.1) (12 years old and above)",48946
Northeast Medical Group,"22 Malacca Street, RB Capital Building #13-03, Singapore 048980",Pfizer/Comirnaty (JN.1) (12 years old & above),48980
Parkway Shenton Medical Clinic (Collyer Quay),"11 Collyer Quay, The Arcade #19-01, Singapore 049317",Pfizer/Comirnaty (JN.1) (12 years old & above),49317
The Medical Clinic Pte. Ltd.,"63 Chulia Street, OCBC Centre East #01-02, Singapore 049514",Pfizer/Comirnaty (JN.1) (12 years old & above),49514
Family Medicine Clinic Chinatown,"133 New Bridge Road #02-09, Singapore 059413",Pfizer/Comirnaty (JN.1) (12 years old & above),59413
Minmed Clinic (Chinatown),"133 New Bridge Road, Chinatown Point #02-32, Singapore 059413",Pfizer/Comirnaty (JN.1) (12 years old & above),59413
Healthway Medical (Downtown Gallery),"6A Shenton Way, Downtown Gallery #02-15, Singapore 068815",Pfizer/Comirnaty (JN.1) (12 years old & above),68815
Raffles Medical (CapitalSky),"79 Robinson Road, CapitaSky #01-04, Singapore 068897",Moderna/Spikevax (JN.1) (12 years old and above),68897
Trinity Medical (Shenton),"144 Robinson Road, Robinson Square #08-02, Singapore 068908",Pfizer/Comirnaty (JN.1) (12 years old & above),68908
The Clinic @ Capital Tower,"168 Robinson, Captial Tower #02-02, Singapore 68912","Pfizer/Comirnaty (JN.1) (12 years old & above), Moderna/Spikevax (JN.1) (12 years old and above)",68912
Bridgepoint Health,"7 Erskine Road, Singapore 069320",Pfizer/Comirnaty (JN.1) (12 years old & above),69320
Parkway Shenton Medical Clinic (Wallich Street),"7 Wallich Street, Guoco Tower #03-10, Singapore 78884",Moderna/Spikevax (JN.1) (12 years old and above),78884
SKY Medical,"100 Tras Street, 100 AM, Singapore 079027","Pfizer/Comirnaty (JN.1) (12 years old & above), Moderna/Spikevax (JN.1) (12 years old and above), Novavax /Nuvaxovid (XBB. 1.5) (12 years old & above)",79027
Fullerton Health @ 78 Shenton Way,"78 shenton Way, #04-01, Singapore 079120",Pfizer/Comirnaty (JN.1) (12 years old & above),79120
SATA CommHealth Community Hub,"447B Jalan Kayu #01-01, Singapore 79244",Pfizer/Comirnaty (JN.1) (12 years old & above),79244
ATA Medical,"72 Anson Road, Anson House #01-02, Singapore 079911",Novavax /Nuvaxovid (XBB. 1.5) (12 years old & above),79911
Chang Clinic & Surgery,"7 Everton Park #01- 21, Singapore 080007",Pfizer/Comirnaty (JN.1) (12 years old & above),80007
Bridgepoint Health,"1 Everton Park #01-41, Singapore 081001",Pfizer/Comirnaty (JN.1) (12 years old & above),81001
HL Clinic,"9 Telok Blangah Cresent, #01-135, Singapore 090009",Pfizer/Comirnaty (JN.1) (12 years old & above),90009
Keppel Medical Group ,"9 Telok Blangah Crescent, #01-139, Singapore 090009",Pfizer/Comirnaty (JN.1) (12 years old & above),90009
Chung & Ee Medical Clinic,"10 Telok Blangah Cres #01-151, Singapore 090010",Pfizer/Comirnaty (JN.1) (12 years old & above),90010
Healthier GP Clinic,"35 Telok Blangah Rise, #01-287, Singapore 090035",Pfizer/Comirnaty (JN.1) (12 years old & above),90035
Health Partnership Medical Centre,"109 Bukit Purmei Road, #01-145, Singapore 090109",Pfizer/Comirnaty (JN.1) (6 months to 4 years old) (5 to 11 years old) (12 years old & above),90109
Raffles Medical (HarbourFront),"1 Maritime Square, HarbourFront Centre #03-56, Singapore 099253",Pfizer/Comirnaty (JN.1) (12 years old & above),99253
Thomas Clinic & Surgery,"61 Telok Blangah Heights, #01-97, Singapore 100061",Pfizer/Comirnaty (JN.1) (6 months to 4 years old) (5 to 11 years old) (12 years old & above),100061
The Local Doctor Clinic,"61 Telok Blangah Heights, Blangah Garden #01-107, Singapore 100061","Pfizer/Comirnaty (JN.1) (6 months to 4 years old) (5 to 11 years old) (12 years old & above), Moderna/Spikevax (JN.1)(6 months to 4 years old)(5 years old to 11 years old)(12 years old and above)",100061
HeartlandHealth (Telok Blangah Drive),"77 Telok Blangah Drive, #01-244, Singapore 100077","Pfizer/Comirnaty (JN.1)(5 to 11 years old)(12 years old & above), Moderna/Spikevax (JN.1)(5 years old to 11 years old)(12 years old and above)",100077
New Health Family Clinic,"108 Depot Road #01-08, Singapore 100108",Pfizer/Comirnaty (JN.1) (12 years old & above),100108
Meridian Medical Centre,"108 Depot Road, #01-10, Depot Heights Shopping Centre, Singapore 100108","Pfizer/Comirnaty (JN.1) (6 months to 4 years old) (5 to 11 years old) (12 years old & above), Moderna/Spikevax (JN.1)(6 months to 4 years old)(5 years old to 11 years old)(12 years old and above)/Novavax /Nuvaxovid (XBB. 1.5) (12 years old & above)",100108
Fraser Medical Centre,"78A Telok Blangah Street 32 #01-07, Singapore 101078",Pfizer/Comirnaty (JN.1) (12 years old & above),101078
Healthplus Family Clinic & Surgery,78A Telok Blangah Street 32 #1-2 Singapore 101078,Pfizer/Comirnaty (JN.1) (12 years old & above),101078
Elyon Family Clinic & Surgery Pte Ltd,"78B Telok Blangah Street 32, #1-22 Singapore 102078",Pfizer/Comirnaty (JN.1) (12 years old & above),102078
Acacia Medical Clinic,"180 Depot Road, The Interlace #01-07, Singapore 109684",Pfizer/Comirnaty (JN.1) (12 years old & above),109684
The Clinic @ Business City,"20 Pasir Pangjang Road, Mapletree Business City #02-26, Singapore 117439","Pfizer/Comirnaty (JN.1) (12 years old & above), Moderna/Spikevax (JN.1) (12 years old and above)",117439
The Occupational and Diving Medicine Centre,"20 Lower Kent Ridge Road , University Health Centre, Singaporw 119080","Pfizer/Comirnaty (JN.1) (12 years old & above), Novavax /Nuvaxovid (XBB. 1.5) (12 years old & above)",119080
Love & Joy Family Clinic,"105 Clementi Street 12, Sunset Way Residence #01-24, Singapore 120105","Pfizer/Comirnaty (JN.1) (6 months to 4 years old) (5 to 11 years old) (12 years old & above), Novavax /Nuvaxovid (XBB. 1.5) (12 years old & above)",120105
FairCare Family Clinic (Clementi),"345 Clementi Avenue 5, #01-94, Singapore 120345","Pfizer/Comirnaty (JN.1) (6 months to 4 years old) (5 to 11 years old) (12 years old & above), Moderna/Spikevax (JN.1)(5 years old to 11 years old)(12 years old and above) (6 months to 5 years old)",120345
Doctors Medical Clinic,"354 Clementi Ave 2, #01-209, Singapore 120354",Pfizer/Comirnaty (JN.1) (12 years old & above),120354
Wee Healthfirst Clinic Pte Ltd,"378 Clementi Avenue 5, #01-342, Singapore 120378",Novavax /Nuvaxovid (XBB. 1.5) (12 years old & above),120378
SingMedical Clinic Clementi,"446 Clementi Ave 3, #01-185, Singapore 120446",Pfizer/Comirnaty (JN.1) (12 years old & above),120446
Raffles Medical (Clementi),"446 Clementi Avenue 3, #01-189, Singapore 120446",Pfizer/Comirnaty (JN.1) (12 years old & above),120446
OneCare Clinic Clementi,"449 Clementi Avenue 3, #01-241, Singapore 120449",Pfizer/Comirnaty (JN.1) (12 years old & above),120449
MYHEALTH Medical Centre,"501 West Coast Drive #01-256, Singapore 120501",Pfizer/Comirnaty (JN.1) (12 years old & above),120501
Unity Medical Clinic,"501 West Coast Drive, #01-250, Singapore 120501",Moderna/Spikevax (JN.1)(6 months to 4 years old)(5 years old to 11 years old)(12 years old and above),120501
Healthway Medical (Clementi West Blk 722),"722 Clementi West Street 2 #01-162, Singapore 120722",Pfizer/Comirnaty (JN.1) (12 years old & above),120722
Healthway Medical (Clementi West Blk 727),"727 Clementi West Street 2 #01-258, Singapore 120727",Pfizer/Comirnaty (JN.1) (12 years old & above),120727
Our West Coast Family Clinic,"801 West Coast Crescent, #01-03, Singapore 120801",Pfizer/Comirnaty (JN.1) (6 months to 4 years old) (5 to 11 years old) (12 years old & above),120801
CarePlus Clinic,"464B Clementi Avenue 1, #01-10, Singapore 122464",Pfizer/Comirnaty (JN.1) (12 years old & above),122464
Yarra Medical Clinic,"1 West Coast Drive, NeWest, #01-11, Singapore 128020",Pfizer/Comirnaty (JN.1) (12 years old & above),128020
Claremont Medical Clinic,"3 Jalan Mas Puteh, Singapore 128609","Pfizer/Comirnaty (JN.1) (6 months to 4 years old) (5 to 11 years old) (12 years old & above), Moderna/Spikevax (JN.1)(5 years old to 11 years old)(12 years old and above) (6 months to 5 years old)",128609
Frontier Family Medicine Clinic,"3151 Commonwealth Avenue West #04-01 Grantral Mall, Singapore 129581",Pfizer/Comirnaty (JN.1) (12 years old & above),129581
Minmed Clinic (Clementi),"3155 Commonwealth Avenue West, The Clementi Mall #04-07, Singapore 129588",Moderna/Spikevax (JN.1) (12 years old & above),129588
The Clinic @ Fusionopolis,"1 Fusionopolis Place, Galaxis #01-05, Singapore 138522","Pfizer/Comirnaty (JN.1) (12 years old & above), Moderna/Spikevax (JN.1) (12 years old and above)",138522
Mei Ling Clinic,"158 Mei Ling Street #01-80, Singapore 140158",Pfizer/Comirnaty (JN.1) (12 years old & above),140158
Virtue Medical Clinic,"158 Mei ling Street, Mei Ling Heights #01-92, Singapore 140158",Pfizer/Comirnaty (JN.1) (12 years old & above),140158
Soong Clinic & Surgery,"162 Mei Ling Street #01-353, Singapore 140162",Pfizer/Comirnaty (JN.1) (12 years old & above),140162
171 Stirling Family Clinic,"171 Stirling Road, Stirling View #01-1101, Singapore 140171",Pfizer/Comirnaty (JN.1) (12 years old & above),140171
The Family Practice @skyville,"85 Dawson Road #01-06, Singapore 141085",Pfizer/Comirnaty (JN.1) (12 years old & above),141085
94 Dawson Family Clinic,"94A Dawson Rd, #01-01, Singapore 142094",Pfizer/Comirnaty (JN.1) (6 months to 4 years old) (5 to 11 years old) (12 years old & above),142094
Healthway Medical (Brickworks Estate),"1 Jalan Bukit Merah, Brickworks Estate #01-4524, Singpaore 150001","Pfizer/Comirnaty (JN.1) (12 years old & above), Moderna/Spikevax (JN.1) (12 years old and above)",150001
HeartlandHealth (Redhill Close),"86 Redhill Close #01-600, Singapore 150086","Pfizer/Comirnaty (JN.1)(5 to 11 years old)(12 years old & above), Moderna/Spikevax (JN.1)(5 years old to 11 years old)(12 years old and above)",150086
"Drs. Koo, Koh and Associates","163 Bukit Merah Central, #1-3609 Singapore 150163",Pfizer/Comirnaty (JN.1) (12 years old & above),150163
Pacific Family Clinic,"75D Redhill Road, #01-116, Singapore 154075",Novavax /Nuvaxovid (XBB. 1.5) (12 years old & above),154075
Minmed Clinic (Redhill),"12 Alexandra View, Artra #01-16, Singapore 158736",Moderna/Spikevax (JN.1) (12 years old & above),158736
Straits Clinic (Anchorpoint),"370 Alexandra Road, Anchorpoint Shopping Centre, B1-41, Singapore 159953",Pfizer/Comirnaty (JN.1) (12 years old & above),159953
Onecare Clinic Beo Crescent,"40 Beo Crescent, The Beo Crescent #01-02, Singapore 160040",Pfizer/Comirnaty (JN.1) (12 years old & above),160040
Dr Gary's Family Clinic,"77 Indus Road #01-519, Singapore 160077",Pfizer/Comirnaty (JN.1) (12 years old & above),160077
Marina Medical Centre (Tiong Bahru),"78 Guan Chuan Street #01-39, Singapore 160078","Pfizer/Comirnaty (JN.1) (12 years old & above), Novavax /Nuvaxovid (XBB. 1.5) (12 years old & above)",160078
Pancare Medical (Bukit Merah),"147 Silat Avenue, #01-32, Singapore 160147",Pfizer/Comirnaty (JN.1) (12 years old & above),160147
Yim Clinic,"11A Boon Tiong Road #02-03/04/05, Singapore 161011",Pfizer/Comirnaty (JN.1) (12 years old & above),161011
Trucare Medical and Surgery (Havelock),"51 Havelock Road #01-04, Singapore 161051",Pfizer/Comirnaty (JN.1)(5 to 11 years old) (12 years old & above),161051
Medi Clinic,"2 Jalan Kukoh, #01-149, Singapore 163002",Pfizer/Comirnaty (JN.1) (6 months to 4 years old) (5 to 11 years old) (12 years old & above),163002
The iClinic,"18 Jalan Membina #02-07, Singapore 164018",Novavax /Nuvaxovid (XBB. 1.5) (12 years old & above),164018
Healthway Medical (Tiong Bahru),"18 Jalan Membina, #02-08, Singapore 164018",Moderna/Spikevax (JN.1) (12 years old & above),164018
Kao & Tan Family Medical Centre & Surgery,"18 Jalan Membina, #02-03, Tiong Bahru Court, Singapore 164018",Pfizer/Comirnaty (JN.1) (12 years old & above),164018
Icare Medical Centre,"733 Havelock Road, #01-01, Singapore 169651","Pfizer/Comirnaty (JN.1) (12 years old & above), Moderna/Spikevax (JN.1) (12 years old & above)",169651
The Clinic @ Campus,"70 Stamford Road, Li Ka Shing Library Building #B1-21, Singapore 178901","Pfizer/Comirnaty (JN.1) (12 years old & above), Moderna/Spikevax (JN.1) (12 years old and above)",178901
Raffles Medical Clinic Raffles City Shopping Centre,"252 North Bridge Road, Raffles City Shopping Centre #02-17, Singapore 179103",Pfizer/Comirnaty (JN.1) (12 years old & above),179103
Parklane Medical Centre,"35 Selegie Road, Parklane Shopping Mall #02-25A, Singapore 188307",Pfizer/Comirnaty (JN.1) (12 years old & above),188307
Raffles Medical Clinic Raffles Hospital,"585 North Bridge Road Level 2 Raffles Hospital, Singapore 188770",Pfizer/Comirnaty (JN.1) (12 years old & above),188770
Pinnacle Family Clinic (DUO Galleria),"7 Fraser Street, #B3-12 Duo Galleria, Singapore 189356",Pfizer/Comirnaty (JN.1) (12 years old & above),189356
Shenton Medical Group (Esplanade),"90 Bras Basah Road, Esplanada Mrt Station #B1-02, Singapore 189562",Novavax /Nuvaxovid (XBB. 1.5) (12 years old & above),189562
Ong's Clinic,"175 Bencoolen Street, Burlington Square #01-44, Singapore 189649",Pfizer/Comirnaty (JN.1) (6 months to 4 years old) (5 to 11 years old) (12 years old & above),189649
Bethesda Medical @ Beach Road,"152 Beach Road, Gateway East #03-08, Singapore 189721",Pfizer/Comirnaty (JN.1) (12 years old & above)(5 to 11 years old),189721
Pancare Medical (Lavender),"465 North Bridge Road, #01-5073, Singapore 191465",Pfizer/Comirnaty (JN.1) (12 years old & above),191465
Healthway Medical (King George),"803 King George's Avenue #01-144, Singapore 200803","Pfizer/Comirnaty (JN.1) (12 years old & above), Moderna/Spikevax (JN.1) (12 years old & above)",200803
Belief Medical,"809 French Road, Kitchener Complex, #02-32, Singapore 200809","Novavax /Nuvaxovid (XBB. 1.5) (12 years old & above), Pfizer/Comirnaty (JN.1) (12 years old & above), Moderna/Spikevax (JN.1) (12 years old and above)",200809
Chia Clinic and Surgery,"27 Foch Road, #01-04 Hoa Nam Building, Singapore 209264","Pfizer/Comirnaty (JN.1) (12 years old & above), Novavax /Nuvaxovid (XBB. 1.5) (12 years old & above)",209264
Tayka Medical,"29A  Desker Road, Singapore 209562",Pfizer/Comirnaty (JN.1) (12 years old & above),209562
Edgedale Medical Clinic (Cambridge),"40 Cambridge Road #01-115, Singapore 210040","Pfizer/Comirnaty (JN.1) (6 months to 4 years old) (5 to 11 years old) (12 years old & above), Moderna/Spikevax (JN.1)(6 months to 4 years old)(5 years old to 11 years old)(12 years old and above)",210040
57 Medical Clinic (Pek Kio),"41 Cambridge Road, #01-17, Singapore 210041",Pfizer/Comirnaty (JN.1) (12 years old & above),210041
Everwell Clinic & Surgery,"45 Owen Rd #01-289, Singapore 210045","Novavax /Nuvaxovid (XBB. 1.5) (12 years old & above), Pfizer/Comirnaty (JN.1) (12 years old & above)",210045
Raffles Medical (Shaw Centre),"1 Scotts Road, Shaw Centre #04-09, Singapore 228208",Pfizer/Comirnaty (JN.1) (12 years old & above),228208
Minmed Clinic (River Valley),"1 Kim Seng Promenade, Great World City B2-128, Singapore 237994",Moderna/Spikevax (JN.1) (12 years old & above),237994
Pinnacle Family Clinic (River Valley),"240 River Valley Road, Singapore 238297",Pfizer/Comirnaty (JN.1) (12 years old & above),238297
Minmed Clinic (Orchard),"290 Orchard Road, The Paragon Tower 1 #16-04, Lobby F, Singapore 238859",Pfizer/Comirnaty (JN.1) (12 years old & above),238859
Clifford Dispensary PTE LTD,"350 Orchard Road, Shaw House #15-03, Singapore 238868","Pfizer/Comirnaty (JN.1) (12 years old & above), Moderna/Spikevax (JN.1) (12 years old and above)",238868
Dr Kevin Chua Medical & Aesthetics,"360 Orchard Road, International Building #03-05, Singapore 238869","Pfizer/Comirnaty (JN.1) (12 years old & above)(5 to 11 years old), Moderna/Spikevax (JN.1) (12 years old and above)(6 years old to 11 years old)",238869
Fusion Medical ,"501 Orchard Road, Wheelock Place #04-11, Singapire 238880","Pfizer/Comirnaty (JN.1) (12 years old & above), Novavax /Nuvaxovid (XBB. 1.5) (12 years old & above)",238880
Newcastle Clinic,"541 Orchard Road, Liat Towers #14-02, Singapore 238881",Pfizer/Comirnaty (JN.1) (12 years old & above),238881
Healthsprings Medical Clinic (Liat Towers),"541 Orchard Road, Liat Towers #10-02, Singapore 238881",Pfizer/Comirnaty (JN.1) (12 years old & above),238881
Killiney Medical Clinic,"61 Killiney Road, Singapore 239522",Pfizer/Comirnaty (JN.1) (12 years old & above),239522
Chong's Medical Centre,"190 Clemenceau Avenue, #01-29/30 Singapore Shopping Centre, Singapore 239924",Pfizer/Comirnaty (JN.1) (12 years old & above),239924
ATA (Orchard) Medical,"1 orchard Boulevard, Camden Centre #05-09, Singapore 248649",Novavax /Nuvaxovid (XBB. 1.5) (12 years old & above),248649
Advantage Medical Clinic,"1 Fifth Ave, Guthrie House 03-12, Singapore 268802","Pfizer/Comirnaty (JN.1) (12 years old & above), Moderna/Spikevax (JN.1) (12 years old & above)",268802
Cavenagh Medical Clinic and Home Care,"559 Bukit Timah Road, #01-01, Singapore 269695",Pfizer/Comirnaty (JN.1) (6 months to 4 years old) (5 to 11 years old) (12 years old & above),269695
Bukit Timah Clinic,"621A Bukit Timah Road, Singapore 269731","Pfizer/Comirnaty (JN.1) (12 years old & above), Moderna/Spikevax (JN.1)(12 years old and above), Novavax /Nuvaxovid (XBB. 1.5) (12 years old & above)",269731
Northeast Medical Group (Ghim Moh),"25 Ghim Moh Link, #01-10, Singapore 270025",Pfizer/Comirnaty (JN.1) (5 to 11 years old),270025
Providentia Medical,"24 Holland Grove Road, Parksuites #01-09/10, Singapore 278803",Pfizer/Comirnaty (JN.1) (12 years old & above),278803
OneDoctors Family Clinic,"253 Holland Avenue, #02-01, Hollage Village, Singapore 278982",Pfizer/Comirnaty (JN.1) (6 months to 4 years old) (12 years old & above),278982
Raffles Medical Clinic Holland Village,"118 Holland Avenue #05-02/03/04, Singapore 278997",Pfizer/Comirnaty (JN.1) (12 years old & above),278997
Healthway Medical,"10 Sinaran Drive, Novena Medical Center #09-36, Singapore 307506","Pfizer/Comirnaty (JN.1) (12 years old & above), Moderna/Spikevax (JN.1) (12 years old & above)",307506
Physicians Practice Family Medical Center,"101 Thomson Road, United Square #01-17, Singapore 307591",Novavax /Nuvaxovid (XBB. 1.5) (12 years old & above),307591
Phoenix Medical Group (Novena),"275 Thomson Road, Commontown Novena Regency, #01-05, Singapore 307645",Moderna/Spikevax (JN.1)(5 years old to 11 years old)(12 years old and above),307645
Providence Novena   ,"1 Goldhill Plaza, Goldhill Plaza #01-29, Singapore 308899","Pfizer/Comirnaty (JN.1) (12 years old & above), Novavax /Nuvaxovid (XBB. 1.5) (12 years old & above)",308899
HeartlandHealth (Kim Keat Palm),"19 Lorong 7 Toa Payoh, #01-272, Singapore 310019","Moderna/Spikevax (JN.1)(5 years old to 11 years old)(12 years old and above), Pfizer/Comirnaty (JN.1)(5 to 11 years old)(12 years old & above)",310019
Finest Health Medical Centre,"19 Lorong 7 Toa Payoh, Kim Keat Palm #01-268, Singapore 310019","Pfizer/Comirnaty (JN.1) (12 years old & above), Moderna/Spikevax (JN.1) (12 years old and above)",310019
HeartlandHealth (Toa Payoh),"66 Lorong 4 Toa Payoh, Toa Payoh Vista #01-315, Singapore 310066",Pfizer/Comirnaty (JN.1) (12 years old & above)(5 to 11 years old),310066
Healthcare United,"70 Lorong 4 Toa Payoh, #01-335, Singapore 310070",Pfizer/Comirnaty (JN.1) (12 years old & above),310070
Redwood @ TPY clinic and Surgery Pte Ltd,"83 Lorong 2, Toa Payoh Peakview #01-457, Singapore 310083",Novavax /Nuvaxovid (XBB. 1.5) (12 years old & above),310083
Braddell Medical Clinic,"124 Lorong 1 Toa Payoh, #01-489, Singapore 310124","Moderna/Spikevax (JN.1)(5 years old to 11 years old)(12 years old and above), Pfizer/Comirnaty (JN.1)(5 to 11 years old)(12 years old & above)",310124
Union Medical Clinic & Surgery (Toa Payoh),"148 Lorong 1 Toa Payoh, #01-917, Singapore 310148","Pfizer/Comirnaty (JN.1) (12 years old & above), Moderna/Spikevax (JN.1) (12 years old and above)",310148
Mediview Clinic and Surgery,"150 Toa Payoh Lorong 1, #01-999, Singapore 310150",Pfizer/Comirnaty (JN.1) (6 months to 4 years old) (5 to 11 years old) (12 years old & above),310150
Healthway Medical (Toa Payoh Central),"177 Toa Payoh Central #01-130, Singapore 310177",Pfizer/Comirnaty (JN.1) (12 years old & above),310177
Unihealth 24-Hr Clinic (Toa Payoh),"178 Toa Payoh Central, #01-218, Singapore 310178",Pfizer/Comirnaty (JN.1) (12 years old & above),310178
Bethesda Medical @ TPY,"500 Lorong 6 Toa Payoh, HDB Hub #04-33, Singapore 310500","Moderna/Spikevax (JN.1)(5 years old to 11 years old)(12 years old and above), Pfizer/Comirnaty (JN.1)(5 to 11 years old)(12 years old & above)",310500
Familycare Clinic & Surgery,"85C Toa Payoh Lorong 4, #01-380, Singapore 313085",Pfizer/Comirnaty (JN.1) (12 years old & above),313085
My Family Clinic (Toa Payoh Central),"79D Toa Payoh Central #01-53, Singapore 314079",Novavax /Nuvaxovid (XBB. 1.5) (12 years old & above),314079
Family Health Clinic & Surgery,"2 Balestier Road #01-651, Singapore 320002",Pfizer/Comirnaty (JN.1) (12 years old & above),320002
HeartlandHealth (Whampoa Drive),"87 Whampoa Drive, #01-869, Singapore 320087","Moderna/Spikevax (JN.1)(5 years old to 11 years old)(12 years old and above), Pfizer/Comirnaty (JN.1)(5 to 11 years old)(12 years old & above)",320087
Whampoa Clinic,"88 Whampoa Drive, #01-863, Singapore 320088","Pfizer/Comirnaty (JN.1) (12 years old & above), Moderna/Spikevax (JN.1) (12 years old and above)",320088
Plushealth Medical Clinic & Surgery,"89 Whampoa Drive, #01-841, Singapore 320089",Novavax /Nuvaxovid (XBB. 1.5) (12 years old & above),320089
Healthway Medical (Towner Road),"101 Towner Road, #01-236, Singapore 322101","Pfizer/Comirnaty (JN.1) (12 years old & above), Moderna/Spikevax (JN.1) (12 years old and above)",322101
Tan-Teoh Clinic & Surgery,"101 Towner Road, #01-212, Singapore 322101",Moderna/Spikevax (JN.1)(6 months to 4 years old)(5 years old to 11 years old)(12 years old and above),322101
The Tenteram Clinic,"116B Jalan Tenteram #01-549, Singapore 322116",Pfizer/Comirnaty (JN.1) (12 years old & above),322116
Lily Neo Clinic Pte Ltd ,"101 Irrawaddy Road, #19-10, Royal Sqaure Medical Suites @ Novena, Singapore 329565",Novavax /Nuvaxovid (XBB. 1.5) (12 years old & above),329565
Healthify Medical Family Clinic,"262 Balestier Road, OKIO #01-04, Singapore 329714",Pfizer/Comirnaty (JN.1) (12 years old & above),329714
MYDOCTOR@BALESTIER,"360 Balestier Road, Shaw Plaza - Twin Heights, #01-01, Singapore 329783",Pfizer/Comirnaty (JN.1) (6 months to 4 years old) (5 to 11 years old),329783
Oaklife Family Clinic,"592G Balestier Road, Singapore 329902","Pfizer/Comirnaty (JN.1) (5 to 11 years old)(12 years old & above), Novavax /Nuvaxovid (XBB. 1.5) (12 years old & above)",329902
Balestier Medical Clinic ,"221 Balestier Road #02-06, Singapore 329928","Moderna/Spikevax (JN.1)(5 years old to 11 years old)(12 years old and above), Novavax /Nuvaxovid (XBB. 1.5) (12 years old & above)",329928
Livewell Medical Family Clinic,"20 Ah Hood Road, Zhongshan Mall #01-08, Singapore 329984",Moderna/Spikevax (JN.1)(6 months to 4 years old)(5 years old to 11 years old)(12 years old and above),329984
I-Health Medical Clinic,"30 Bendemeer Road, #01-883, Singapore 330030",Pfizer/Comirnaty (JN.1) (12 years old & above),330030
Pariqua Clinic,"47 Bendemeer Road #01-1463, Singapore 330047",Pfizer/Comirnaty (JN.1) (12 years old & above),330047
57 Medical Clinic (Geylang Bahru),"57 Geylang Bahru #01-3505, Singapore 330057",Pfizer/Comirnaty (JN.1) (12 years old & above),330057
Kindred Family Clinic (Kallang Bahru),"63 Kallang Bahru, #01-435, Kallang Bahru Ville, Singapore 330063",Pfizer/Comirnaty (JN.1) (12 years old & above),330063
The Clinic @ Aperia,"12 Kallang Avenue, Aperia #03-15, Singapore 339511","Pfizer/Comirnaty (JN.1) (12 years old & above), Moderna/Spikevax (JN.1) (12 years old and above)",339511
Healthsprings Medical & Laser Clinic (Bidadari/Woodleigh),"105A Bidadari Park Drive #01-09, Singapore 341105",Pfizer/Comirnaty (JN.1) (12 years old & above),341105
Our Woodleigh Family Clinic,"115B Alkaff Crescent #01-05, Singapore 342115",Pfizer/Comirnaty (JN.1) (6 months to 4 years old) (5 to 11 years old) (12 years old & above),342115
The Bidadari Clinic,"115B Alkaff Cresent, #01-11, Singapore 342115","Pfizer/Comirnaty (JN.1) (6 months to 4 years old) (5 to 11 years old) (12 years old & above), Moderna/Spikevax (JN.1)(6 months to 4 years old)(5 years old to 11 years old)(12 years old and above)",342115
Intemedical Potong Pasir,"51 Upper Serangoon Road, The Poiz Centre #01-29, Singapore 347697",Pfizer/Comirnaty (JN.1) (12 years old & above),347697
Phoenix Medical Group (Potong Pasir),"2 Tai Thong Crescent, The Venue Shoppes #01-16, Singapore 347836",Pfizer/Comirnaty (JN.1) (5 to 11 years old) (12 years old & above),347836
SATA CommHealth Medical Centre,"1 Siang Kuang Avenue, Sennett Estate, Singapore 347919",Moderna/Spikevax (JN.1) (12 years old and above),347919
Potong Pasir Medical Clinic,"148 Potong Pasir Avenue 1, #01-55, Singapore 350148","Pfizer/Comirnaty (JN.1) (5 to 11 years old)(12 years old & above), Moderna/Spikevax (JN.1)(5 years old to 11 years old)(12 years old and above)",350148
Health Link Medical Clinic & Surgery,"5 Upper Aljunied Lane #01-46, Singapore 360005",Pfizer/Comirnaty (JN.1) (12 years old & above),360005
YSL Aljunied Clinic & Surgery,"5 Upper Aljunied Lane, #01-42, Singapore 360005",Pfizer/Comirnaty (JN.1) (12 years old & above),360005
J Medical,"212 Bidadari Park Drive, #03-06, Multi-Storey Car Park, Singapore 360212",Pfizer/Comirnaty (JN.1) (6 months to 4 years old) (5 to 11 years old) (12 years old & above),360212
Raffles Medical (The Woodleigh Mall),"11 Bidadari Park Drive, The Woodleigh Mall #02-08, Singapore 367803",Pfizer/Comirnaty (JN.1) (12 years old & above),367803
Bethesda Medical @ Grantral,"601 MacPherson Road, Grantral Complex #01-03/04, Singapore 368242","Pfizer/Comirnaty (JN.1)(5 to 11 years old)(12 years old & above), Moderna/Spikevax (JN.1)(5 years old to 11 years old)(12 years old and above)",368242
Frontier Family Medicine Clinic (Macpherson),"601 MacPherson Road, Grantral Mall #01-38/39, Singapore 368242",Pfizer/Comirnaty (JN.1) (12 years old & above),368242
Lee & Tan Family Clinic and Surgery,"72 Circuit Road, #01-03, Singapore 370072",Moderna/Spikevax (JN.1)(6 months to 4 years old)(5 years old to 11 years old)(12 years old and above),370072
Care For You Medical Clinic,"86 Circuit Road, Macpherson Oasis #01-1003, Singapore 370086",Pfizer/Comirnaty (JN.1) (12 years old & above)(5 to 11 years old),370086
HeartlandHealth (Circuit Road),"88 Circuit Road, #01-965, Singapore 370088","Pfizer/Comirnaty (JN.1) (5 to 11 years old)(12 years old & above), Moderna/Spikevax (JN.1)(5 years old to 11 years old)(12 years old and above)",370088
T Medical Clinic (Kallang),"5 Upper Boon Keng Road #01-14, Singapore 380005",Pfizer/Comirnaty (JN.1) (12 years old & above),380005
Ko Family Clinic,"18 Upper Boon Keng Road #01-1133, Singapore 380018",Pfizer/Comirnaty (JN.1) (12 years old & above),380018
Sims Drive Medical Clinic,"53 Sims Place, #01-174, Singapore 380053",Pfizer/Comirnaty (JN.1) (12 years old & above),380053
Healthway Medical Clinic (Aljunied),"95 Aljunied Cresent, #01-521, Singapore 380095",Pfizer/Comirnaty (JN.1) (12 years old & above),380095
Ansari Family Clinic & Surgery,"78 Lorong 25A Geylang Road, Singapore 388259","Pfizer/Comirnaty (JN.1) (12 years old & above), Moderna/Spikevax (JN.1) (12 years old and above)",388259
Frontier Medical,"494 Geylang Road, Singapore 389452",Pfizer/Comirnaty (JN.1) (12 years old & above),389452
M Lam Clinic,"739 Geylang Road, Singapore 389649",Pfizer/Comirnaty (JN.1) (12 years old & above),389649
57 Medical Clinic (Kallang Airport),"32 Cassia Crescent, #01-62, Singapore 390032",Pfizer/Comirnaty (JN.1) (12 years old & above),390032
Pinnacle Family Clinic (Dakota),"91 Jalan Satu, #01-05, Multi Storey Car Park, Singapore 390091",Pfizer/Comirnaty (JN.1) (12 years old & above),390091
Anteh Dispensary,"1 Lorong 22 Geylang, Grandview Suites #01-02, Singapore 398664","Pfizer/Comirnaty (JN.1)(5 to 11 years old)(12 years old & above), Moderna/Spikevax (JN.1)(5 years old to 11 years old)(12 years old and above)",398664
Frontier Medical Associates (Ubi),"304 Ubi Avenue 1, #01-87, Singapore 400304",Pfizer/Comirnaty (JN.1) (12 years old & above),400304
Healthway Medical,"304 Ubi Avenue 1, #01-12 Singapore 400304",Pfizer/Comirnaty (JN.1) (12 years old & above),400304
Minmed Clinic (Paya Lebar),"10 Eunos Road 8, Singapore Post Centre #02-122, Singapore 408600",Moderna/Spikevax (JN.1) (12 years old & above),408600
Phoenix Medical Group (Paya Lebar),"60 Paya Lebar Road, Paya Lebar Square #02-09, Singapore 409051",Pfizer/Comirnaty (JN.1)(12 years old & above),409051
True Medical Clinic Paya Lebar Quarter,"10 Paya Lebar Road, Paya Lebar Quarter #04-26, Singapore 409057","Pfizer/Comirnaty (JN.1) (6 months to 4 years old) (5 to 11 years old) (12 years old & above), Moderna/Spikevax (JN.1)(6 months to 4 years old)(5 years old to 11 years old)(12 years old and above), Novavax /Nuvaxovid (XBB. 1.5) (12 years old & above)",409057
Healthway Medical (Lengkong Tiga),"110 Lengkong, #1-231, Singapore 410110",Moderna/Spikevax (JN.1)(6 months to 4 years old)(5 years old to 11 years old)(12 years old and above),410110
Alami Clinic by Dr Farhan,"398 Changi Road, The Lenox #01-02, Singpaore 419845",Novavax /Nuvaxovid (XBB. 1.5) (12 years old & above),419845
Siglap Clinic Pte Ltd,"308 Telok Kurau Road, #01-08, Vibes @ East Coast, Singapore 423858","Pfizer/Comirnaty (JN.1) (12 years old & above), Novavax /Nuvaxovid (XBB. 1.5) (12 years old & above)",423858
GP @ Joo Chiat Clinic,"194 Joo Chiat Road, #01-01, Singapore 427465",Pfizer/Comirnaty (JN.1) (6 months to 4 years old) (5 to 11 years old) (12 years old & above),427465
Raffles Medical (Joo Chiat),"471 Joo Chiat Road, Singapore 427680",Moderna/Spikevax (JN.1) (12 years old and above),427680
DR+ Medical & Paincare East Coast,"146 East Coast Road, Singapore 428835",Novavax /Nuvaxovid (XBB. 1.5) (12 years old & above),428835
Inspire Medical Clinic (Jalan Batu),"8 Jalan Batu, #01-11, Singapore 431008",Pfizer/Comirnaty (JN.1)(5 to 11 years old)(12 years old & above),431008
Assurance Medicare Clinic & Surgery,"370 Tanjong Katong Road, Singapore 437127",Pfizer/Comirnaty (JN.1) (12 years old & above),437127
Minmed Clinic (Haig Road),"30 Haig Road, Singapore 438737",Moderna/Spikevax (JN.1) (12 years old & above),438737
FAITH Family Clinic,"57 Marine Terrance, #01-113, Singapore 440057",Pfizer/Comirnaty (JN.1) (12 years old & above),440057
Healthway Medical Clinic (Marine Terrace),"8 Marine Terrace, #01-57, Singapore 440058",Pfizer/Comirnaty (JN.1) (12 years old & above),440058
Family Medicine Clinic,"58 Marine Terrance, #01-65, Singapore 440058",Pfizer/Comirnaty (JN.1) (5 to 11 years old) (12 years old & above),440058
Marine Parade Clinic,"59 Marine Terrace #01-81, Singapore 440059",Pfizer/Comirnaty (JN.1) (12 years old & above),440059
Central [Clinic + Surgery],"81 Marine Parade Central, Marine Parade Promenade #01-630, Singapore 440081",Pfizer/Comirnaty (JN.1)(5 to 11 years old)(12 years old & above),440081
Mediline Wei Min Clinic,"81 Marine Parade Central, #01-634, Singapore 440081","Pfizer/Comirnaty (JN.1) (12 years old & above), Moderna/Spikevax (JN.1) (12 years old and above)",440081
Raffles Medical (Marine Parade),"83 Marine Parade Central, Marine Parade Promenade #01-590, Singapore 440083",Moderna/Spikevax (JN.1) (12 years old and above),440083
Minmed Clinic (Marine Parade),"80 Marine Parade Road, Parkway Parade #05-21, Singapore 449269",Pfizer/Comirnaty (JN.1) (12 years old & above),449269
Advantage Medical Centre,"80 Marine Parade Road, Parkway Parade #06-01, Singapore 449269","Pfizer/Comirnaty (JN.1) (12 years old & above), Moderna/Spikevax (JN.1) (12 years old and above)",449269
57 Medical clinic (Parkway Centre),"1 Marine Parade Central, Parkway Centre, #02-05, Singapore 449408",Pfizer/Comirnaty (JN.1) (12 years old & above),449408
Raffles Medical (Siglap),"55 Siglap Road, Siglap Centre #02-11/12, Singapore 455871",Pfizer/Comirnaty (JN.1) (12 years old & above),455871
SM Haneefa Clinic,"11 Chai Chee Road, #01-23, Singapore 460011",Pfizer/Comirnaty (JN.1) (12 years old & above),460011
Bedok Clinic & Sugery (Family Medical Centre),"17 Bedok South Road, #1-565 Singapore 460017",Pfizer/Comirnaty (JN.1) (12 years old & above),460017
HeartlandHealth (Bedok South),"18 Bedok South Road, #01-69, Singapore 460018","Moderna/Spikevax (JN.1)(5 years old to 11 years old)(12 years old and above), Pfizer/Comirnaty (JN.1)(5 to 11 years old)(12 years old & above)",460018
Temasek Clinic & Surgery,"73 Bedok South Avenue 3, Singapore 460073","Pfizer/Comirnaty (JN.1) (12 years old & above),Novavax /Nuvaxovid (XBB. 1.5) (12 years old & above)",460073
Northeast Medical Group (Bedok),"79 Bedok North Road, #01-256, Singapore 460079",Pfizer/Comirnaty (JN.1) (12 years old & above),460079
HL Family Clinic & Surgery (Bedok) Pte. Ltd.,"89 Bedok North Street 4, #01-83, Singapore 460089",Pfizer/Comirnaty (JN.1) (12 years old & above),460089
Lee Clinic,"123 Bedok North Street 2 #01-156, Singapore 460123",Pfizer/Comirnaty (JN.1) (12 years old & above),460123
Frontier People's Clinic @ Bedok,"123 Bedok North Street 2, #01-152, Singapore 460123",Pfizer/Comirnaty (JN.1) (12 years old & above),460123
True Medical Clinic Bedok South,"158 Bedok South Avenue 3, #01-587, Singapore 460158",Pfizer/Comirnaty (JN.1) (6 months to 4 years old) (5 to 11 years old) (12 years old & above),460158
JustCare Medical,"203 Bedok North Street 1, Bedok Haven #01-461, Singapore 460203",Pfizer/Comirnaty (JN.1) (12 years old & above),460203
Raffles Medical (Bedok North),"203 Bedok North Street 1, #01-467, Singapore 460203",Pfizer/Comirnaty (JN.1) (12 years old & above),460203
Healthway Medical (Bedok NORTH),"218 Bedok North Street 1, #01-17, Singapore 460218",Pfizer/Comirnaty (JN.1) (12 years old & above),460218
A1 Medical Clinic,"418 Bedok North Avenue 2, #01-63, Singapore 460418",Pfizer/Comirnaty (JN.1) (12 years old & above),460418
S. T. Medical Clinic ,"531 Bedok North Street 3, #01-694, Singapore 460531",Pfizer/Comirnaty (JN.1) (12 years old & above),460531
Yang & Yap Clinic & Surgery,"537 Bedok North Street 3 #01-571, Singapore 460537",Pfizer/Comirnaty (JN.1) (12 years old & above),460537
YSL Bedok Clinic & Surgery,"539 Bedok North Street 3, #01-631, Singapore 460539",Pfizer/Comirnaty (JN.1) (12 years old & above),460539
HeartlandHealth (New Upper Changi Rd),"59 New Upper Changi Road, #01-1268, Singapore 461059","Moderna/Spikevax (JN.1)(5 years old to 11 years old)(12 years old and above), Pfizer/Comirnaty (JN.1)(5 to 11 years old)(12 years old & above)",461059
Healthway Medical (New Upper Changi),"59 New Upper Changi Road, #01-1224, Singapore 461059","Pfizer/Comirnaty (JN.1) (12 years old & above), Moderna/Spikevax (JN.1) (12 years old and above), Novavax /Nuvaxovid (XBB. 1.5) (12 years old & above)",461059
EH Medical Family Clinic@Bedok South,"152A Bedok South Road, #01-05, Singapore 461152",Moderna/Spikevax (JN.1) (12 years old & above),461152
Keystone clinic & surgery (Upper Changi),"57A New Upper Changi Road, #01-1396, Singapore 462057",Pfizer/Comirnaty (JN.1) (6 months to 4 years old) (5 to 11 years old) (12 years old & above),462057
Minmed Clinic (Bedok),"311 New Upper Changi Road, Bedok Mall #01-47/48, Singapore 467360",Pfizer/Comirnaty (JN.1) (12 years old & above),467360
SATA CommHealth Bedok Medical Centre,"351 Chai Chee Street, SATA CommHealth Building, Singapore 468982",Pfizer/Comirnaty (JN.1) (12 years old & above),468982
Clinic@Costa,"84 Bayshore Road, Costa Del Sol, #01-35/36, Singapore 469994","Pfizer/Comirnaty (JN.1)(5 to 11 years old) (12 years old & above), Novavax/Nuvaxovid (XBB. 1.5) (12 years old & above)",469994
Bok Family Clinic Pte Ltd,"117 Bedok Reservoir Road, #01-58, Singapore 470117",Pfizer/Comirnaty (JN.1) (12 years old & above),470117
Icon Care Medical Clinic,"150 Bedok Reservoir Road, #01-1733, Eunos Spring, Singapore 470150",Novavax /Nuvaxovid (XBB. 1.5) (12 years old & above),470150
Eastern Medical Centre,"631 Bedok Reservoir Road #01-896, Singapore 470631",Pfizer/Comirnaty (JN.1)(5 to 11 years old) (12 years old & above),470631
Joy Family Clinic,"703 Bedok Reservior Road #01-3506, Singapore 470703",Pfizer/Comirnaty (JN.1) (12 years old & above),470703
Shenton Family Medical Clinic (Bedok Reservoir),"744 Bedok Reservoir Road, #01-3065, Singapore 470744","Pfizer/Comirnaty (JN.1) (5 to 11 years old)(12 years old & above), Novavax /Nuvaxovid (XBB. 1.5) (12 years old & above)",470744
JoyHealth Medical Clinic,"744 Bedok Reservoir Road, #01-3027, Singapore 470744","Pfizer/Comirnaty (JN.1) (5 to 11 years old) (12 years old & above), Novavax /Nuvaxovid (XBB. 1.5) (12 years old & above)",470744
FAITH Clinic (Bedok),"746 Bedok Reservoir Road,#01-3013, Singapore 470746",Pfizer/Comirnaty (JN.1) (12 years old & above),470746
Raffles Medical (Changi City Point),"5 Changi Business Park Central 1, Changi City Point B1-55/56, Singapore 486038",Moderna/Spikevax (JN.1) (12 years old and above),486038
Uniq Medical,"933 Upper Changi Road North, LIV@Changi, #02-02, Singapore 506785","Moderna/Spikevax (JN.1)(5 years old to 11 years old)(12 years old and above), Pfizer/Comirnaty (JN.1)(5 to 11 years old)(12 years old & above), Novavax /Nuvaxovid (XBB. 1.5) (12 years old & above)",506785
Pinnacle Family Clinic (Changi North),"963C Upper Changi Road North, #02-09, Singapore 506790",Pfizer/Comirnaty (JN.1) (12 years old & above),506790
Raffles Medical (Loyang Point),"259 Pasir Ris Street 21, #02-33 Loyang Point #02-33, Singapore 510259",Moderna/Spikevax (JN.1) (12 years old and above),510259
Pasir Ris Clinic & Surgery Pte Ltd,"442 Pasir Ris Drive 6 #01-28, Singapore 510442",Pfizer/Comirnaty (JN.1) (12 years old & above),510442
Central 24-Hr Clinic,"446 Pasir Ris Drive 6 #01-122, Singapore 510446",Pfizer/Comirnaty (JN.1) (12 years old & above),510446
Lily Aw Pasir Ris Family Clinic & Surgery,"46 Pasir Ris Drive 6, #1-116, Singapore 510446",Moderna/Spikevax (JN.1) (12 years old and above),510446
Pinnacle Family Clinic (Pasir Ris),"571 Pasir Ris Street 53, #01-50, Singapore 510571",Pfizer/Comirnaty (JN.1) (12 years old & above),510571
Healthway Medical (Elias Mall),"625 Elias Road, ELias Mall #01-322, Singapore 510625",Pfizer/Comirnaty (JN.1) (12 years old & above),510625
BCH Clinic @ Pasir Ris,"21 Pasir Ris Grove, Coco Palms #01-32, Singapore 518070",Pfizer/Comirnaty (JN.1) (12 years old & above),518070
Minmed Clinic (Pasir Ris),"1 Pasir Ris Central Street 3, White Sands #05-09, 518457",Moderna/Spikevax (JN.1) (12 years old & above),518457
Raffles Medical (White Sands),"1 Pasir Ris Central Sreet 3,White Sands #04 - 19, Singapore 518457",Pfizer/Comirnaty (JN.1) (12 years old & above),518457
FAITH Clinic (Simei),"139 Simei Street 1 #01-10, Singapore 520139",Pfizer/Comirnaty (JN.1) (12 years old & above),520139
Chua Medical Centre Pte Ltd ,"248 Simei Street 3, #01-134, Singapore 520248","Pfizer/Comirnaty (JN.1) (6 months to 4 years old) (12 years old & above), Moderna/Spikevax (JN.1)(6 months to 4 years old)(12 years old and above), Novavax /Nuvaxovid (XBB. 1.5) (12 years old & above)",520248
Yoong Family Clinic & Surgery,"333 Tampines Street 32, #01-536, Singapore 520333",Pfizer/Comirnaty (JN.1) (12 years old & above),520333
Good Medical Clinic (Tampines East),"462 Tampines Street 44, #01-74, Singapore 520462",Pfizer/Comirnaty (JN.1) (6 months to 4 years old) (5 to 11 years old) (12 years old & above),520462
Healthway Medical (Tampines Central),"503 Tampines Central 1 #01-311, Singapore 520503",Pfizer/Comirnaty (JN.1) (12 years old & above),520503
ProHealth Medical Group@Tampines,"610 Tampines North Drive 1, Tampines GreenWeave #01-03, Singapore 520610",Pfizer/Comirnaty (JN.1) (12 years old & above),520610
Edgedale Medical Clinic (Tampines),"614 Tampines North Drive 1, #01-01, Singapore 520614","Pfizer/Comirnaty (JN.1) (6 months to 4 years old) (5 to 11 years old) (12 years old & above), Moderna/Spikevax (JN.1)(6 months to 4 years old)(5 years old to 11 years old)(12 years old and above)",520614
Healthway Medical (Tampines St 71),"710 Tampines street 71, #01-134, Singapore 520710","Pfizer/Comirnaty (JN.1) (12 years old & above), Moderna/Spikevax (JN.1) (12 years old and above)",520710
Praise Family Clinic,"717 Tampines Street 72, #01-75, Singapore 520717",Pfizer/Comirnaty (JN.1) (12 years old & above),520717
HeartlandHealth (Tampines),"730 Tampines Street 71 #01-51, Singapore 520730","Pfizer/Comirnaty (JN.1) (5 to 11 years old)(12 years old & above), Moderna/Spikevax (JN.1)(5 years old to 11 years old)(12 years old and above)",520730
True Medical Clinic Tampines West,"824 Tampines Street 81, Tampines Grove #01-26, Singapore 520824","Pfizer/Comirnaty (JN.1) (6 months to 4 years old) (5 to 11 years old) (12 years old & above), Moderna/Spikevax (JN.1)(6 months to 4 years old)(5 years old to 11 years old)(12 years old and above), Novavax /Nuvaxovid (XBB. 1.5) (12 years old & above)",520824
Onecare Clinic Tampines,"827 Tampines Streer 81, Tampines Grove #01-142, Singapore 520827",Pfizer/Comirnaty (JN.1) (12 years old & above),520827
Our Family Physician Clinic & Surgery,"829 Tampines Street 81, #01-292, Singapore 520829",Pfizer/Comirnaty (JN.1)(5 to 11 years old) (12 years old & above),520829
Little Cross Family Clinic,"929 Tampines Street 91 #01-445, Singapore 520929","Pfizer/Comirnaty (JN.1)(5 to 11 years old)(12 years old & above), Moderna/Spikevax (JN.1)(5 years old to 11 years old)(12 years old and above)",520929
Greenhealth Family Clinic,"138 Tampines St. 11, #01-142, Singapore 521138",Pfizer/Comirnaty (JN.1) (12 years old & above),521138
Street 11 Clinic,"139 Tampines Street 11, Singapore 521139",Pfizer/Comirnaty (JN.1) (12 years old & above),521139
Healthway Medical (Tampines St 11),"139 Tampines Street 11,#01-16, Singapore 521139","Pfizer/Comirnaty (JN.1) (12 years old & above), Moderna/Spikevax (JN.1) (12 years old and above)",521139
Viva Medical Clinic,"450A Tampines Street 42, #01-356, Singapore 521450",Pfizer/Comirnaty (JN.1) (12 years old & above),521450
Our Tampines Family Clinic,"622A Tampines Avenue 12, #01-08, Singapore 521622",Pfizer/Comirnaty (JN.1) (12 years old & above),521622
Karri Family Clinic,"866A Tampines Street 83, Tampines Central Community Complex #03-05, Singapore 521866",Pfizer/Comirnaty (JN.1) (12 years old & above),521866
Faith Medical Clinic & Surgery,"487C Tampines Street 45, #B1-103, Singapore 522487",Pfizer/Comirnaty (JN.1) (12 years old & above),522487
Kindred Family Clinic (Tampines),"494 Tampines Street 45, #01-02, Singapore 523494",Pfizer/Comirnaty (JN.1) (12 years old & above),523494
GreenForest Family Clinic ,"878C Tampines Avenue 8, #01-71, Singapore 523878",Moderna/Spikevax (JN.1)(6 months to 4 years old)(5 years old to 11 years old)(12 years old and above),523878
Healthway Medical (Tampines),"201D Tampines Street 21, #01-1143, Singapore 524201",Pfizer/Comirnaty (JN.1) (12 years old & above),524201
Intemedical Tampines,"201E Tampines Street 23, #01-96, Singapore 527201",Pfizer/Comirnaty (JN.1) (6 months to 4 years old) (5 to 11 years old) (12 years old & above),527201
Tampines Family Medicine Clinic,"1 Tampines Walk, Our Tampines Hub, #03-34, Singapore 528523","Pfizer/Comirnaty (JN.1) (12 years old & above), Moderna/Spikevax (JN.1) (12 years old & above)",528523
Raffles Medical (EastPoint Mall),"3 Simei Street 6, Eastpoint Mall #02-27, Singapore 528833",Pfizer/Comirnaty (JN.1) (12 years old & above),528833
Kai Medical Clinic,"5 Tampines Street 32, #02-05, Tampines Mart, Singapore 529284",Novavax /Nuvaxovid (XBB. 1.5) (12 years old & above),529284
SATA CommHealth (Tampines),"5 Tampines Central 6,Telepark Building, #01-01A, Singapore 529482",Pfizer/Comirnaty (JN.1) (12 years old & above),529482
Dayspring Medical Clinic (Tampines),"2 Tampines Central 5 #04-09 Century Square, Singapore 529509",Pfizer/Comirnaty (JN.1) (12 years old & above),529509
Raffles Medical (Tampines 1),"10 Tampines Central 1, Tampines 1 #03-28, Singapore 529536",Pfizer/Comirnaty (JN.1) (5 to 11 years old)(12 years old & above),529536
Q & M Medical & Aesthetics Clinic (Tampines 1),"10 Tampines Central 1, Tampines one #04-18 / 19, Singapore 529536",Pfizer/Comirnaty (JN.1) (12 years old & above),529536
Northeast Medical Group (Tampines),"20 Tampines Central 1 #01-25 Tampines MRT Station, Singapore 529538",Pfizer/Comirnaty (JN.1) (12 years old & above),529538
Northeast Medical Group (Simei),"30 Simei Street 3, #02-01 Simei MRT Station, Singapore 529888",Pfizer/Comirnaty (JN.1) (12 years old & above),529888
Pancare Medical (Hougang),"23 Hougang Avenue 3, Hougang View #01-285, Singapore 530023",Pfizer/Comirnaty (JN.1) (12 years old & above),530023
Healthway Medical (Hougang Ave 1),"106 Hougang Avenue 1 #01-1225, Singapore 530106",Pfizer/Comirnaty (JN.1) (12 years old & above),530106
Healthway Medical (Hougang),"108 Hougang Avenue 1, #01-1299, Singapore 530108",Pfizer/Comirnaty (JN.1) (12 years old & above),530108
Parkway Shenton Medical Group (Kovan),"205 Hougang Street 21 #03-20 Heartland Mall, Singapore 530205",Pfizer/Comirnaty (JN.1) (12 years old & above),530205
Intemedical (Kovan),"210 Hougang Street 21 #01-233, Singapore 530210",Pfizer/Comirnaty (JN.1) (12 years old & above),530210
STAT Medical Clinic @ Hougang,"311 Hougang Avenue 5 #01-183, Singapore 530311",Pfizer/Comirnaty (JN.1) (12 years old & above),530311
Mission (Hougang) Medical Clinic,"356 Hougang Avenue 7, #01-799, Singapore 530356","Pfizer/Comirnaty (JN.1) (12 years old & above), Moderna/Spikevax (JN.1) (12 years old & above)",530356
Pinnacle Family Clinic (Hougang),"356 Hougang Avenue 7, #01-791, Singapore 530356",Pfizer/Comirnaty (JN.1) (12 years old & above),530356
Keystone Family Clinic,"377 Hougang Street 32, Hougang Rivercourt #01-03, Singapore 530377",Pfizer/Comirnaty (JN.1) (6 months to 4 years old) (5 to 11 years old) (12 years old & above),530377
RiverSage Family Clinic,"476 Upper Serangoon View, #02-08, Singapore 530476",Moderna/Spikevax (JN.1) (12 years old & above),530476
Medlife Clinic & Surgery,"684 Hougang Ave 8 #01-985, Singapore 530684","Pfizer/Comirnaty (JN.1) (6 months to 4 years old) (5 to 11 years old) (12 years old & above), Moderna/Spikevax (JN.1)(6 months to 4 years old)(5 years old to 11 years old)(12 years old and above)",530684
Raffles Medical (Hougang),"809 Hougang Central, #01-180, Singapore 530809",Pfizer/Comirnaty (JN.1) (12 years old & above),530809
Frontier Medical Associates @ Buangkok,"982 Buangkok Crescent #01-03, Singapore 530982",Pfizer/Comirnaty (JN.1) (12 years old & above),530982
Pancare Medical (Serangoon),"3 Lorong Lew Lian, Lew Lian Gardens #01-70, Singapore 531003",Pfizer/Comirnaty (JN.1) (12 years old & above),531003
Norwood Medical (Hougang),"365B Upper Serangoon Road, Hougang Meadow #01-1066, Singapore 532365",Pfizer/Comirnaty (JN.1) (6 months to 4 years old) (5 to 11 years old) (12 years old & above),532365
Trucare Medical Clinic And Surgery (Hougang Central),"1187 Upper Serangoon Rd, The Midtown #01-53, Singapore 533971",Pfizer/Comirnaty (JN.1)(5 to 11 years old) (12 years old & above),533971
DR+ Medical & Paincare Hougang,"1187 Upper Serangoon Road, Midtown Residences (The Midtown Residences), #01-54, Singapore 533971",Pfizer/Comirnaty (JN.1) (12 years old & above),533971
DR+ Medical Paincare Clinic,"988 Upper Serangoon Road, Stars of Kovan #01-07, Singapore 534733",Pfizer/Comirnaty (JN.1) (5 to 11 years old),534733
Bartley Clinic,"187 Upper Paya Lebar Road, Singapore 534869",Moderna/Spikevax (JN.1) (12 years old & above),534869
Elissa Medical Clinic,"1 Hougang Street 91, #01-21, Singapore 538692",Pfizer/Comirnaty (JN.1) (12 years old & above),538692
Excel Family Clinic,"21 Hougang Street 51 #01-06 Hougang Green Shopping Mall, Singapore 538719",Pfizer/Comirnaty (JN.1) (12 years old & above),538719
Fullerton Health Hub @ Hougang Green ,"21 Hougang Street 51, #01-46, Hougang Green Shopping Mall, Singapore 538719",Pfizer/Comirnaty (JN.1) (12 years old & above),538719
iDOC Clinic,"21 Hougang Street 51, #01-43, Hougang Green Shopping Mall, Singapore 538719",Pfizer/Comirnaty (JN.1) (6 months to 4 years old) (5 to 11 years old) (12 years old & above),538719
Healthway Medical (Hougang Mall),"90 Hougang Avenue 10, Hougang Mall #04-06, Singapore 538766",Pfizer/Comirnaty (JN.1) (12 years old & above),538766
Hougang Family Medicine Clinic,51 Hougang Avenue 9 #02-01 Singapore 538776,Pfizer/Comirnaty (JN.1) (12 years old & above),538776
Healthway Medical (Rivervale Plaza),"118 Rivervale Drive, Rivervale Plaza #02-17, Singapore 540118",Pfizer/Comirnaty (JN.1) (12 years old & above),540118
Healthway Medical (Compassvale Link),"267 Compassvale Link #01-04, Singapore 540267",Moderna/Spikevax (JN.1)(6 months to 4 years old)(5 years old to 11 years old)(12 years old and above),540267
Island Family Clinic (Sengkang),"279 Sengkang East Avenue #01-05, Singapore 540279",Novavax /Nuvaxovid (XBB. 1.5) (12 years old & above),540279
Healthway Medical (Anchorvale),"308 Anchorvale Road, Multi Storey Car Park #01-03, Singapore 540308",Pfizer/Comirnaty (JN.1) (12 years old & above),540308
Medivene Clinic & Surgery,"330 Anchorvale Street #01-05, Singapore 540330",Pfizer/Comirnaty (JN.1) (12 years old & above),540330
RCMC Rivervale Crescent Medical Centre,"182A Rivervale Crescent #01-04, Singapore 541182",Pfizer/Comirnaty (JN.1) (12 years old & above),541182
Sunbeam Medical Clinin,"318B Anchorvale Link, #01-257, Anchorvale Gardens, Singapore 542318",Pfizer/Comirnaty (JN.1) (12 years old & above),542318
Pinnacle Family Clinic (Compassvale),"289C Compassvale Cres #01-04, Singapore 543289",Pfizer/Comirnaty (JN.1) (12 years old & above),543289
Minmed Clinic (Buangkok),"70 Compassvale Bow, Sengkang Grand mall #02-13, Singapore 544692",Pfizer/Comirnaty (JN.1) (12 years old & above),544692
Shenton Medical Group (Buangkok),"10 Sengkang Central, #01-04 Buangkok NEL MRT Station, Singapore 545061",Pfizer/Comirnaty (JN.1) (12 years old & above),545061
Q & M Medical Clinic (Buangkok MRT) Pte Ltd,"10 Sengkang Central, Buangkok MRT Station #01-02, Singapore 545061",Pfizer/Comirnaty (JN.1) (12 years old & above),545061
Northeast Medical Group (Sengkang),"5 Sengkang Square, Singapore 545062",Pfizer/Comirnaty (JN.1) (12 years old & above),545062
Raffles Medical Clinic Compass One,"1 Sengkang Square #04-09, Compass Mall One, Singapore 545078",Pfizer/Comirnaty (JN.1)(5 to 11 years old) (12 years old & above),545078
Minmed Clinic (Sengkang),"1 Sengkang Square, Compass one #04-13, Singapore 545078",Moderna/Spikevax (JN.1) (12 years old & above),545078
Raffles Medical (Rivervale Mall),"11 Rivervale Crescent, #02-17 Rivervale Mall #02-17, Singapore 545082",Moderna/Spikevax (JN.1) (12 years old and above),545082
I-Health Medical Clinic (Serangoon North),"152 Serangoon North Avenue 1, #01-320, Singapore 550152",Pfizer/Comirnaty (JN.1) (12 years old & above),550152
Union Medical Clinic & Surgery,"152 Serangoon North Avenue 1, #01-330, Singapore 550152","Pfizer/Comirnaty (JN.1) (12 years old & above), Moderna/Spikevax (JN.1) (12 years old and above)",550152
Affinity Medical Clinic,"253 Serangoon Central Drive #01-187, Singapore 550253",Pfizer/Comirnaty (JN.1) (12 years old & above),550253
Q & M Medical Clinic,"261 Serangoon Central Drive, #01-29, Singapore 550261",Pfizer/Comirnaty (JN.1) (12 years old & above),550261
Origin Family Clinic,"263 Serangoon Central Drive, #01-75, Singapore 550263",Pfizer/Comirnaty (JN.1) (12 years old & above),550263
Keystone Clinic & Surgery,"304 Searangoon Avenue 2, #01-10 Chuan Village, Singapore 550304",Pfizer/Comirnaty (JN.1) (5 to 11 years old) (12 years old & above),550304
Claremont Medical Clinic,"28 Serangoon North Avenue 1, Affinity At Serangoon #01-61 Singapore 554341","Pfizer/Comirnaty (JN.1) (6 months to 4 years old) (5 to 11 years old) (12 years old & above), Novavax /Nuvaxovid (XBB. 1.5) (12 years old & above)",554341
Ashford Medical Centre,"79 Serangoon Garden Way, #01-01, Singapore 555975","Pfizer/Comirnaty (JN.1) (12 years old & above), Moderna/Spikevax (JN.1) (12 years old & above)",555975
Raffles Medical (NEX),"23 Serangoon Central, NEX #B2 - 01, Singapore 556083",Pfizer/Comirnaty (JN.1) (12 years old & above),556083
Pancare Medical Clinic,"133 Ang Mo Kio Avenue 3 #01-1643, Singapore 560133",Pfizer/Comirnaty (JN.1) (12 years old & above),560133
Hui Clinic + Surgery,"157 Ang Mo Kio Avenue 4, #01-566, Singapore 560157",Moderna/Spikevax (JN.1) (12 years old and above),560157
Frontier Medical Associates,"163 Ang Mo Kio Avenue 4, #01-426, Singapore 560163",Pfizer/Comirnaty (JN.1) (12 years old & above),560163
CareDoc Medical Clinic,"215 Ang Mo Kio Avenue 1 #01-907, Singapore 560215",Pfizer/Comirnaty (JN.1) (12 years old & above),560215
Healthway Medical,"330 Ang Mo Kio Ave 1 #01-1803, Singapore 560330",Pfizer/Comirnaty (JN.1) (12 years old & above),560330
Intemedical Teck Ghee,"338 Ang Mo Kio Avenue 1, Teck Ghee Court, #01-1625, Singapore 560338",Pfizer/Comirnaty (JN.1) (12 years old & above),560338
360 Clinic,"407 Ang Mo Kio Avenue 10, Teck Ghee Square, #01-749, Singapore 560407",Pfizer/Comirnaty (JN.1) (12 years old & above),560407
HK Family Clinic & Surgery,"410 Ang Mo Kio Avenue 10 #01-817, Singapore 560410",Pfizer/Comirnaty (JN.1) (12 years old & above),560410
1 Medical Teck Ghee,"410 Ang Mo Kio Ave 10, Teck Ghee Square, #01-837, Singapore 560410","Pfizer/Comirnaty (JN.1) (12 years old & above)(5 to 11 years old), Moderna/Spikevax (JN.1)(5 years old to 11 years old)(12 years old and above)",560410
OneCare Clinic Ang Mo Kio ,"452 Ang Mo Kio Avenue 10, #01-1789, Singapore 560452",Pfizer/Comirnaty (JN.1) (12 years old & above),560452
Healthway Medical (Ang Mo Kio Ave 10),"452 Ang Mo Kio Avenue 10 #01-1787, Singapore 560452","Pfizer/Comirnaty (JN.1) (12 years old & above), Moderna/Spikevax (JN.1) (12 years old and above)",560452
MyCLNQ Medical Pte Ltd,"554 Ang Mo Kio Avenue 10, Cheng San Place #01-2048, Singapore 560554",Pfizer/Comirnaty (JN.1) (12 years old & above),560554
Well Family Clinic & Surgery,"555 Ang Mo Kio Avenue 10, #01-1948, Singapore 560555",Pfizer/Comirnaty (JN.1)(6 months to 4 years old)(5 to 11 years old),560555
Keystone clinic & surgery,"632 Ang Mo Kio Avenue 4, #01-966, Singapore 560632",Pfizer/Comirnaty (JN.1) (6 months to 4 years old) (5 to 11 years old) (12 years old & above),560632
Bethesda Medical @ AMK,"709 Ang Mo Kio Avenue 8, #01-2583, Singapore 560709",Pfizer/Comirnaty (JN.1) (12 years old & above)(5 to 11 years old),560709
SATA CommHealth Ang Mo Kio Medical Centre,715 Ang Mo Kio Avenue 6 #01-4008 & 4010 Singapore 560715,Pfizer/Comirnaty (JN.1) (12 years old & above),560715
Family Medicare Clinic & Surgery,"721 Ang Mo Kio Avenue 8, #01-2815, Singapore 560721",Pfizer/Comirnaty (JN.1)(5 to 11 years old)(12 years old & above),560721
Healthway Medical Clinic (Ang Mo Kio Ave 8),"721 Ang Mo Kio Avenue 8 #01-2805, Singapore 560721",Pfizer/Comirnaty (JN.1) (12 years old & above),560721
Raffles Medical (Ang Mo Kio),"722 Ang Mo Kio Ave 8, #01-2825, Singapore 560722",Pfizer/Comirnaty (JN.1) (12 years old & above),560722
Trucare Medical & Surgery (AMK),"226A Ang Mo Kio Avenue 1 #01-631 Kebun Baru Mall, Singapore 561226",Pfizer/Comirnaty (JN.1)(5 to 11 years old)(12 years old & above),561226
Acehealth Medical,"316B Ang Mo Kio Street 31, Teck Ghee Vista #01-10, Singapore 563316",Pfizer/Comirnaty (JN.1)(5 to 11 years old)(12 years old & above),563316
Ang Mo Kio Family Medicine Centre,"4190 Ang Mo Kio Avenue 6, Broadway Plaza #03-01, Singapore 569841",Pfizer/Comirnaty (JN.1) (12 years old & above),569841
Minmed Clinic (Ang Mo Kio),"53 Ang Mo Kio Avenue 3, AMK Hub #03-25, Singapore 569933",Pfizer/Comirnaty (JN.1) (12 years old & above),569933
Goodhealth Medical & Surgery,"116 Bishan Street 12, Bishan View, #01-34, Singapore 570116","Pfizer/Comirnaty (JN.1) (6 months to 4 years old) (5 to 11 years old) (12 years old & above), Novavax /Nuvaxovid (XBB. 1.5) (12 years old & above)",570116
DR+ Medical & Paincare Bishan Clinic,"121 Bishan Street 12 #01-95, Singapore 570121",Pfizer/Comirnaty (JN.1) (12 years old & above),570121
Edgedale Medical Clinic (Bishan),"212 Bishan Street 23, #B1-257, Singapore 570212","Pfizer/Comirnaty (JN.1) (6 months to 4 years old) (5 to 11 years old) (12 years old & above), Moderna/Spikevax (JN.1)(6 months to 4 years old)(5 years old to 11 years old)(12 years old and above)",570212
OneCare Clinic Bishan,"279 Bishan Street 24, #01-44, Singapore 570279",Pfizer/Comirnaty (JN.1) (12 years old & above),570279
ASPEN Clinic,"283 Bishan Street 22 #01-185, Singapore 570283",Pfizer/Comirnaty (JN.1) (5 to 11 years old),570283
1 Bishan Medical Clinic,"283 Bishan Street 22, #01-191, Singapore 570283",Pfizer/Comirnaty (JN.1)(5 to 11 years old) (12 years old & above),570283
Raffles Medical (Bishan),"283 Bishan Street 22, #01-177, Singapore 570283",Pfizer/Comirnaty (JN.1) (12 years old & above),570283
Healthcare Family Clinic & Surgery,"403 Sin Ming Avenue #01-311, Singapore 570403","Pfizer/Comirnaty (JN.1) (12 years old & above), Moderna/Spikevax (JN.1)(5 years old to 11 years old)(12 years old and above)",570403
P Tan Family Medicine Clinic,"503 Bishan Street 11, #01-464, Singapore 570503","Pfizer/Comirnaty (JN.1) (12 years old & above), Moderna/Spikevax (JN.1) (12 years old and above)",570503
T P Sim Family Clinic & Surgery,"509 Bishan Street 11, #01-378, Singapore 570509",Pfizer/Comirnaty (JN.1) (12 years old & above),570509
Marymount Family Clinic,"14 Shunfu Rd, #01-50 Jadescape, Singapore 575748",Pfizer/Comirnaty (JN.1) (6 months to 4 years old) (5 to 11 years old) (12 years old & above),575748
Binjai Medical & Paincare Clinic,"23 Binjai Park, Singapore 589828",Pfizer/Comirnaty (JN.1) (12 years old & above),589828
Shenton Medical Group (Toh Yi),"18 Toh Yi Drive #01-103 , Singapore 590018",Novavax /Nuvaxovid (XBB. 1.5) (12 years old & above),590018
Arcadia Clinic,"2 Pandan Valley #01-211, Singapore 597626","Pfizer/Comirnaty (JN.1) (12 years old & above), Novavax /Nuvaxovid (XBB. 1.5) (12 years old & above)",597626
Silver Cross Medical (Cheong Chin Nam Road) ,"3 Cheong Chin name Road, Singapore 599728","Pfizer/Comirnaty (JN.1) (5 to 11 years old), Moderna/Spikevax (JN.1) (6 years old to 11 years old)",599728
Newlife Family Clinic & Surgery,"61 Teban Gardens Road, #01-20, Singapore 600061",Pfizer/Comirnaty (JN.1) (12 years old & above),600061
Teban Garden Clinic,"61 Teban Gardens Road, Teban Place #01-01, Singapore 600061","Pfizer/Comirnaty (JN.1) (5 to 11 years old) (12 years old & above), Novavax /Nuvaxovid (XBB. 1.5) (12 years old & above)",600061
EJ Tan Clinic and Surgery,"104 Jurong East Street 13 #01-100, Singapore 600104",Pfizer/Comirnaty (JN.1) (12 years old & above),600104
Pancare Medical (Jurong East),"104 Jurong East Street 13, Jurong East Ville #01-104, Singapore 600104",Pfizer/Comirnaty (JN.1) (12 years old & above),600104
Healthveer Medical Clinic (Jurong East),"114 Jurong East Stree 13, Jurong East Ville #01-406, Singapore 600114","Pfizer/Comirnaty (JN.1) (5 to 11 years old) (12 years old & above), Moderna/Spikevax (JN.1)(5 years old to 11 years old)(12 years old and above), Novavax /Nuvaxovid (XBB. 1.5) (12 years old & above)",600114
Trinity Medical (Jurong East),"130 Jurong Gateway Road, #02-205/207, Singapore 600130",Pfizer/Comirnaty (JN.1) (12 years old & above),600130
Raffles Medical (only accessible via stairs),"131 Jurong Gateway Road #01-267, Singapore 600131",Pfizer/Comirnaty (JN.1) (12 years old & above),600131
SATA CommHealth Jurong Medical Centre,"135 Jurong Gateway Road #04-345, Singapore 600135",Pfizer/Comirnaty (JN.1) (12 years old & above),600135
UniHealth 24-HR Clinic (Jurong East),"135 Jurong Gateway Rd, #01-317, Singapore 600135",Pfizer/Comirnaty (JN.1) (12 years old & above))5 to 11 years old),600135
Eastern Clinic & Surgery Pte Ltd,"235 Jurong East Street, #01-316, Singapore 600235",Pfizer/Comirnaty (JN.1) (12 years old & above),600235
Medico Clinic & Surgery,"249 Jurong East Street 24, #01-88, Singapore 600249",Pfizer/Comirnaty (JN.1) (12 years old & above),600249
Mary Medical Clinic and Surgery,"252 Jurong East Street 24, #01-157, Singapore 600252","Pfizer/Comirnaty (JN.1) (5 to 11 years old) (12 years old & above), Moderna/Spikevax (JN.1)(5 years old to 11 years old)(12 years old and above), Novavax /Nuvaxovid (XBB. 1.5) (12 years old & above)",600252
Healthway Medical  (Jurong East Ave 1),"350 Jurong East Avenue 1 #01-1225, Singapore 600350",Pfizer/Comirnaty (JN.1) (12 years old & above),600350
The Clinic @ Westgate,"3 Gateway Drive, Westgate #04-25, Singapore 608532","Pfizer/Comirnaty (JN.1) (12 years old & above), Moderna/Spikevax (JN.1) (12 years old and above)",608532
Minmed Clinic (Jurong East),"50 Jurong Gateway Road, Jem #04-17, Singapore 608549",Moderna/Spikevax (JN.1) (12 years old & above),608549
Acumed Medical (Taman Jurong),"64 Yung Kuang Road #01-107/11, Singapore 610064",Pfizer/Comirnaty (JN.1) (12 years old & above),610064
"Doctors Koo, Loh & Associates","152 Yung Ho Road #B1-03, Singapore 610152","Pfizer/Comirnaty (JN.1) (12 years old & above), Moderna/Spikevax (JN.1) (12 years old & above), Novavax /Nuvaxovid (XBB. 1.5) (12 years old & above)",610152
ProHealth Medical Group @Taman Jurong ,"399 Yung Sheng Road, Taman Jurong Shopping Centre #01-56, Singapore 610399",Pfizer/Comirnaty (JN.1) (12 years old & above),610399
Minmed Clinic (Boon Lay),"221 Boon Lay Place, Boon Lay Shopping Centre #01-108, Singapore 640221",Pfizer/Comirnaty (JN.1) (12 years old & above),640221
360 Clinic,"221 Boon Lay Place, #01-226A, Singapore 640221",Pfizer/Comirnaty (JN.1) (12 years old & above),640221
Hisemainn Medical Clinic,"276 Jurong West Street 25 #01-06, 640276",Pfizer/Comirnaty (JN.1) (12 years old & above),640276
HeartlandHealth (Jurong West),"463 Jurong West Street 41, #01-564, Singapore 640463","Moderna/Spikevax (JN.1)(5 years old to 11 years old)(12 years old and above), Pfizer/Comirnaty (JN.1)(5 to 11 years old)(12 years old & above)",640463
Central 24-HR Clinic (Jurong West),"492 Jurong West Street 41 #01-54, Singapore 640492",Pfizer/Comirnaty (JN.1) (12 years old & above),640492
Advantage Medical Clinic (Jurong West),"492 Jurong West Street 41, #01-56, Singapore 640492","Pfizer/Comirnaty (JN.1) (12 years old & above), Moderna/Spikevax (JN.1) (12 years old & above)",640492
The Family Wellness Clinic,"498 Jurong West Street 41, #01-482, Singapore 640498",Pfizer/Comirnaty (JN.1) (12 years old & above)(5 to 11 years old),640498
Silver Cross Medical (Jurong West Ave 1),"502 Jurong West Avenue 1, #01-803, Singapore 640502",Moderna/Spikevax (JN.1) (12 years old and above),640502
iDOC Clinic (Hong Kah) Pte Ltd,"502 Jurong West Avenue 1, #01-813, Hong Kah Court, Singapore 640502","Pfizer/Comirnaty (JN.1) (5 to 11 years old) (12 years old & above), Moderna/Spikevax (JN.1) (5 years old to 11 years old)(12 years old and above)",640502
OneCare Clinic Jurong West,"504 Jurong West Street 51, #01-217, Singapore 640504",Pfizer/Comirnaty (JN.1) (12 years old & above),640504
Tayka Medical Family Clinic,"526 Jurong West Street 52 #01-323, Singapore 640526",Pfizer/Comirnaty (JN.1) (12 years old & above),640526
TC Family Clinic Pte. Ltd.,"526 Jurong West Street 52, #01-325, Singapore 640526",Pfizer/Comirnaty (JN.1) (12 years old & above),640526
Healthmark Pioneer Mall Clinic,"638 Jurong West Street 61, Pioneer Mall #02-08, Singapore 640638",Pfizer/Comirnaty (JN.1) (12 years old & above),640638
Healthway Medical (Jurong West Central 1),"690 Jurong West Central 1, #01-193, Singapore 640690",Pfizer/Comirnaty (JN.1) (12 years old & above),640690
Pier Medical Centre,"725 Jurong West Ave 5 #B1-164, Singapore 640725",Pfizer/Comirnaty (JN.1) (12 years old & above),640725
FAITH Clinic (Jurong West),"762 Jurong West Street 75, Gek Poh Shopping Centre #02-256D, Singapore 640762",Pfizer/Comirnaty (JN.1) (12 years old & above),640762
Lee Family Clinic Pte.Ltd,"762 Jurong West Street 75, Gek Poh Shopping Centre #02-256, Singapore 640762",Pfizer/Comirnaty (JN.1) (12 years old & above),640762
"Drs Oh, Lim, Wong & Partners","959 Jurong West 92, #01-154, Singapore 640959",Pfizer/Comirnaty (JN.1) (5 to 11 years old) (12 years old & above),640959
Healthway Medical (Juring West St 92),"960 Jurong West Street 92, #01-166, Singapore 640960",Pfizer/Comirnaty (JN.1) (12 years old & above),640960
Lakeside Family Medicine Clinic,"518A Jurong West Street 52, # 01-02, Singapore 641518",Moderna/Spikevax (JN.1) (12 years old and above),641518
Frontier Medical Associates (Jurong West),"678D Jurong West Street 64, #01-347, Singapore 644678",Pfizer/Comirnaty (JN.1) (12 years old & above),644678
Acumed Medical Group Jurong Point,"1 Jurong West Central 2, #B1A-19E, Jurong Point Shopping Centre, Singapore 648886",Pfizer/Comirnaty (JN.1) (12 years old & above),648886
Dr. W.K. Koo & Associates P.L.,"1 Jurong West Central 2, Jurong Point Shopping Center #01-16A/B, Singapore 648886","Pfizer/Comirnaty (JN.1) (12 years old & above), Moderna/Spikevax (JN.1) (12 years old & above), Novavax /Nuvaxovid (XBB. 1.5) (12 years old & above)",648886
Minmed 24-Hr Clinic (Jurong West),"1 Jurong West Central 2, Jurong Point #01-17E, Singapore 648886",Pfizer/Comirnaty (JN.1) (12 years old & above),648886
Raffles Medical (Jurong Point),"1 Jurong West Central 2, Jurong Point Shopping Centre JP1 #B1A -19D, Singapore 648886",Moderna/Spikevax (JN.1) (12 years old and above),648886
Fullerton Healthcare @ Drs Trythall Hoy Davies,"1 Jurong West Central 2, #B1A-19B, Jurong Point Shopping Centre JP1, Singapore 648886",Moderna/Spikevax (JN.1)(12 years old and above),648886
Healthway Medical (Bukit Batok St 11),"153 Bukit Batok Street 11, #01-284, Singapore 650153","Pfizer/Comirnaty (JN.1) (12 years old & above), Moderna/Spikevax (JN.1) (12 years old and above)",650153
HeartlandHealth (Bukit Batok),"164 Bukit Batok Street 11, #01-152, Singapore 650164","Moderna/Spikevax (JN.1)(5 years old to 11 years old)(12 years old and above), Pfizer/Comirnaty (JN.1)(5 to 11 years old)(12 years old & above)",650164
Universal Medical Clinic (Bukit Batok),"164 Bukit Batok Street 11, #01-144, Singapore 650164","Pfizer/Comirnaty (JN.1) (12 years old & above), Moderna/Spikevax (JN.1) (12 years old and above)",650164
Erena Family Clinic,"280 Bukit Batok East Avenue 3, #01-317, Singapore 650280",Pfizer/Comirnaty (JN.1) (5 to 11 years old) (12 years old & above),650280
Excelsior Clinc & Surgery,"283 Bukit Batok East Avenue 3, #01-261, Singapore 650283","Pfizer/Comirnaty (JN.1) (6 months to 4 years old) (5 to 11 years old) (12 years old & above), Moderna/Spikevax (JN.1)(6 months to 4 years old)(5 years old to 11 years old)(12 years old and above)",650283
EH Medical Family Clinic (Bukit Batok),"292 Bukit Batok East Avenue 6 #01-07, Singapore 650292",Pfizer/Comirnaty (JN.1) (12 years old & above),650292
Family Care Clinic Pte Ltd,"15 Bukit Batok West Avenue 4, #01-272, Singapore 650415",Pfizer/Comirnaty (JN.1) (12 years old & above),650415
Frontier Medical Associates (Bukit Batok West),"440 Bukit Batok West Avenue 8, #01-05, Singapore 650440",Pfizer/Comirnaty (JN.1) (12 years old & above),650440
Frontier Medical Associates,"Blk 451 Bukit Batok West Ave 6 #1-7, Singapore 650451",Pfizer/Comirnaty (JN.1) (12 years old & above),650451
Dr Stanley Peck Family Clinic,"636 Bukit Batok Central #01-06, Singapore 650636",Pfizer/Comirnaty (JN.1) (12 years old & above),650636
Bukit Batok Family Clinic ,"432A Bukit Batok West Avenue 8, #01-05, Singapore 651432",Pfizer/Comirnaty (JN.1) (6 months to 4 years old) (5 to 11 years old) (12 years old & above),651432
Hisemainn Medical Clinic Bukit Batok,"289E Bukit Batok Street 25, #01-160, Singapore 654289",Pfizer/Comirnaty (JN.1) (6 months to 4 years old) (5 to 11 years old) (12 years old & above),654289
ProHealth Medical Group (Bukit Batok),"4 Bukit Batok Street 41, #01-76 Le Quest Mall, Singapore 657991",Pfizer/Comirnaty (JN.1) (12 years old & above),657991
St Luke's Community Clinic,"2 Bukit Batok Street 11, ST Luke's Hospital Block C, Singapore 659674","Pfizer/Comirnaty (JN.1) (12 years old & above), Novavax /Nuvaxovid (XBB. 1.5) (12 years old & above)",659674
Northeast Medical Group (Bukit Batok),"10 Bukit Batok Central, Bukit Batok MRT Station, #01-01, Singapore 659958",Pfizer/Comirnaty (JN.1) (5 to 11 years old),659958
Phoenix Medical Group (Hillview),"4 Hillview Rise #02-20, Singapore 667979",Pfizer/Comirnaty (JN.1) (12 years old & above),667979
Cashew Medical and Surgery,"445 Fajar Road, Fajar Shopping Centre #2-522, Singapore 670445",Pfizer/Comirnaty (JN.1) (12 years old & above),670445
Healthway Medical (Fajar Shopping Centre),"445 Fajar Road, Fajar Shopping Centre #02-534, Singapore 670445",Moderna/Spikevax (JN.1) (12 years old and above),670445
OneCare Clinic Senja,"643 Senja Close, #01-03, Singapore 670643",Pfizer/Comirnaty (JN.1) (12 years old & above),670643
Prohealth 24-Hour Medical Clinic,"259 Bukit Panjang Ring Road #01-18, Singapore 671259",Pfizer/Comirnaty (JN.1) (12 years old & above),671259
Healthsprings Medical Clinic (Bukit Panjang),"524A Jelapang Rd,Greenridge Shopping Centre #02-01/02, Singapore 671524",Pfizer/Comirnaty (JN.1) (12 years old & above),671524
Lifecare Family Clinic,"524a Jelapang Road, Greenridge Shopping Centre #02 - 15, Singapore 671524",Pfizer/Comirnaty (JN.1) (6 months to 4 years old) (5 to 11 years old) (12 years old & above),671524
Sunbeam Medical Clinin,"443C Fajar Road, #01-76, Singapore 673443",Pfizer/Comirnaty (JN.1) (12 years old & above),673443
Pinnacle Family Clinic (Dairy Farm),"4 Dairy Farm Lane, #B1-07, Dairy Farm Mall, Sinapore 677622",Pfizer/Comirnaty (JN.1) (12 years old & above),677622
Healthway Medical (Bukit Panjang),"1 Jelebu Road, Bukit Panjang Plaza #01-62 Singapore 677743","Moderna/Spikevax (JN.1) (12 years old & above), Pfizer/Comirnaty (JN.1) (12 years old & above)",677743
Raffles Medical (Hillion Mall),"17 Petir Road, Hillion Mall, #02-07/08, 678278",Moderna/Spikevax (JN.1) (12 years old and above),678278
Evercare Medical Clinic,"475 Choa Chu Kang Avenue 3 #02-02, Singapore 680475",Pfizer/Comirnaty (JN.1) (12 years old & above),680475
Healthway Medical (Sunshine Place),"475 Choa Chu Kang Avenue 3, Sunshine Place #02-03, Singapore 680475",Pfizer/Comirnaty (JN.1) (12 years old & above),680475
Healthway Medical (Limbang Shopping Centre),"533 Choa Chu Kang Street 51, Limbang Shopping Centre #02-07, Singapore 680533",Pfizer/Comirnaty (JN.1) (12 years old & above),680533
Pinnacle Family Clinic (Yew Tee),"790 Choa Chu Kang North 6, #01-238, Singapore 680790",Pfizer/Comirnaty (JN.1) (12 years old & above),680790
Royal Carw Medical Family Clinic Choa Chu Kang,"818 Choa Chu Kang Avenue 1, #01-13, Singapore 680818",Pfizer/Comirnaty (JN.1) (6 months to 4 years old) (5 to 11 years old) (12 years old & above),680818
Raffles Medical (YewTee Point),"21 Choa Chu Kang North 6, YewTee Point #01 - 02, Singapore 689578",Pfizer/Comirnaty (JN.1) (12 years old & above),689578
Keat Hong Family Medicine Clinic,"2 Choa Chu Kang Loop, #03-02 Keat Hong Community Club, Singapore 689687","Pfizer/Comirnaty (JN.1) (12 years old & above), Novavax /Nuvaxovid (XBB. 1.5) (12 years old & above)",689687
Raffles Medical (Lot 1),"21 Choa Chu Kang Avenue 4, Lot 1 Shoppers' Mall #B1 - 07A, Singapore 689812",Pfizer/Comirnaty (JN.1) (12 years old & above),689812
DR+ Medical Paincare Marsiling,"18 Marsiling Lane, Singapore 730018",Pfizer/Comirnaty (JN.1) (12 years old & above),730018
Martin Medical Centre,"111 Woodlands Street 13 #01-80, Singapore 730111",Pfizer/Comirnaty (JN.1) (6 months to 4 years old) (5 to 11 years old) (12 years old & above),730111
57 Medical Clinic (Woodlands),"166 Woodlands Street 13, #01-533, Singapore 730166",Pfizer/Comirnaty (JN.1) (12 years old & above),730166
First Medical Clinic & Surgery,"167 Woodlands Street 11, #01-11, Singapore 730167","Pfizer/Comirnaty (JN.1) (12 years old & above), Moderna/Spikevax (JN.1) (12 years old and above), Novavax /Nuvaxovid (XBB. 1.5) (12 years old & above)",730167
Woodlands Medical Centre ,"210 Marsiling Crescent, #01-09, Singapore 730210",Pfizer/Comirnaty (JN.1) (6 months to 4 years old) (5 to 11 years old),730210
Doctors Clinic & Surgery ,"305 Woodlands Street 31 #01-91, Singapore 730305",Pfizer/Comirnaty (JN.1) (12 years old & above),730305
Frontier Medical Associates (Admiralty),"691 Woodlands Drive 73, #01-04, Singapore 730691",Pfizer/Comirnaty (JN.1) (12 years old & above),730691
MyDoctor@Admiralty Pte Ltd,"693 Woodlands Avenue 6, #01-03, Singapore 730693",Pfizer/Comirnaty (JN.1) (6 months to 4 years old) (5 to 11 years old) (12 years old & above),730693
Healthway Medical (Woodlands Drive 70),"717 Woodlands Drive 70, #01-114, Singapore 730717",Moderna/Spikevax (JN.1) (12 years old and above),730717
Peace Family Clinic (WL832),"832 Woodlands Street 83, #01-71, Singapore 730832","Pfizer/Comirnaty (JN.1) (12 years old & above), Moderna/Spikevax (JN.1)(12 years old and above), Novavax /Nuvaxovid (XBB. 1.5) (12 years old & above)",730832
Healthway Medical (888 Plaza),"888 Woodlands Drive 50, 888 Plaza #02-737, Singapore 730888",Pfizer/Comirnaty (JN.1) (12 years old & above),730888
SATA CommHealth Woodlands Medical Centre,"900 South Woodlands Drive #04-01 Civic Centre, Singapore 730900",Pfizer/Comirnaty (JN.1) (12 years old & above),730900
Admiralty Family Medical Clinic,"678A Woodlands Avenue 6, #03-15, Admiralty Place, Singapore 731678",Pfizer/Comirnaty (JN.1)(5 to 11 years old) (12 years old & above),731678
Yim Medical Centre (Admiralty Mrt),"678A Woodlands Avenue 6, Admiralty Place #03-16, Singapore 731678",Pfizer/Comirnaty (JN.1) (12 years old & above),731678
Frontier Medical Associates,"899C, Woodlands Drive 50 #01-296, Singapore 732899",Pfizer/Comirnaty (JN.1) (12 years old & above),732899
EH Medical,"785E Woodlands Rise #01-12, Singapore 735785",Pfizer/Comirnaty (JN.1) (12 years old & above),735785
Norwood Medical Clinic,"785E Woodlands Rise, #01-02, Singapore 735785",Pfizer/Comirnaty (JN.1) (6 months to 4 years old) (5 to 11 years old) (12 years old & above),735785
Minmed Clinic (Woodlands),"6 Woodlands Square, Woods Square #09-06, Singapore 737737",Moderna/Spikevax (JN.1) (12 years old & above),737737
Raffles Medical (Causeway Point),"1 Woodlands Square, Causeway Point #05-20, Singapore 738099",Pfizer/Comirnaty (JN.1) (12 years old & above),738099
Frontier Medical Associates (Canberra),"105 Canberra Street, #01-11, Singapore 750105",Pfizer/Comirnaty (JN.1) (12 years old & above),750105
T Medical Clinic (Canberra),"115 Canberra Walk #01-05, Singapore 750115",Pfizer/Comirnaty (JN.1) (12 years old & above),750115
BestMed Family Clinic & Homecare,"126 Canberra Street, Multistorey Park, #01-04, Singapore 750126",Pfizer/Comirnaty (JN.1) (6 months to 4 years old) (5 to 11 years old) (12 years old & above),750126
Viva Medical Group (Canberra Plaza),"133 Canberra View, Canberra Plaza #02-14, Singapore 750133",Pfizer/Comirnaty (JN.1) (12 years old & above),750133
MyDoctor@Canberra,"133 Canberra View, Canberra Plaza, #03-10/11, Singapore 750133",Pfizer/Comirnaty (JN.1) (12 years old & above),750133
Raffles Medical (Sembawang Way),"355 Sembawang Way, #01-06 Singapore 750355",Pfizer/Comirnaty (JN.1) (12 years old & above),750355
Healthway Medical (Sembawang Drive),"406 Sembawang Drive, #01-820, Singapore 750406",Pfizer/Comirnaty (JN.1) (12 years old & above),750406
Healthway Medical (Sun Plaza),"30 Sembawang Drive, Sun Plaza #03-20, Singapore 757713",Pfizer/Comirnaty (JN.1) (12 years old & above),757713
Healthway Medical Clinic (Yishun Chong Pang),"101 Yishun Avenue 5 #01-15, Singapore 760101",Pfizer/Comirnaty (JN.1)(5 to 11 years old)(12 years old & above),760101
Faircare Family Clinic (Yishun),"103 Yishun Ring Road, #01-73, Singapore 760103","Pfizer/Comirnaty (JN.1) (6 months to 4 years old) (5 to 11 years old) (12 years old & above), Moderna/Spikevax (JN.1)(6 months to 4 years old)(5 years old to 11 years old)(12 years old and above)",760103
Unihealth 24-Hr Clinic (Yishun),"103 Yishun Ring Road, #01-99, Singapore 760103",Pfizer/Comirnaty (JN.1) (12 years old & above),760103
I-Health Medical Clinic (Chong Pang),"106 Yishun Ring Road, #01-151, Singapore 760106",Pfizer/Comirnaty (JN.1) (12 years old & above),760106
Kindred Family Clinic (Yishun),"172 Yishun Avenue 7, #01-787, Singapore 760172",Pfizer/Comirnaty (JN.1) (12 years old & above),760172
I-Health Medical Clinic (Yishun),"292 Yishun Street 22, #01-285, Singapore 760292",Pfizer/Comirnaty (JN.1) (12 years old & above),760292
Bethesda Medical @ Yishun,"293 Yishun Street 22, #01-223, Singapore 760293","Pfizer/Comirnaty (JN.1) (5 to 11 years old) (12 years old & above), Moderna/Spikevax (JN.1)(5 years old to 11 years old)(12 years old and above)",760293
Royal Care Medical Clinic Yishun Junction 9,"317 Yishun Avenue 9, HDB Multi-Storey Carpark #01-03, Singapore 760317",Pfizer/Comirnaty (JN.1) (12 years old & above),760317
Mission Cross Family Clinic,"348 Yishun Avenue 11, #1-03 Singapore 760348",Moderna/Spikevax (JN.1) (12 years old and above),760348
Healthway Medical (Yishun Ave 11),"417 Yishun Avenue 11 #01-321, Singapore 760417",Pfizer/Comirnaty (JN.1) (12 years old & above),760417
OneCare Medical Clinic (Yishun),"431 Yishun Avenue 1 #01-04, Singapore 760431",Pfizer/Comirnaty (JN.1) (12 years old & above),760431
Healthway Medical (Yishun Avenue 6),"461 Yishun Avenue 6, #01-05, Singapore 760461",Moderna/Spikevax (JN.1) (12 years old and above),760461
Platinum Medical Centre pte Ltd,"504 Yishun Street 51, Multi Storey Car park #01-02, Singapore 760504","Pfizer/Comirnaty (JN.1) (5 to 11 years old) (12 years old & above), Moderna/Spikevax (JN.1)(5 years old to 11 years old)(12 years old and above)",760504
Famfirst Medical Clinic Pte Ltd,"513 Yishun Street 51, Saraca Breeze @ Yishun #01-03, Singapore 760513","Pfizer/Comirnaty (JN.1)(5 to 11 years old)(12 years old & above), Novavax /Nuvaxovid (XBB. 1.5) (12 years old & above)",760513
57 Medical Clinic (Yishun),"618 Yishun Ring Road, #01-3238, Singapore 760618",Pfizer/Comirnaty (JN.1) (12 years old & above),760618
United Health Family Clinic & Surgery,"627 Yishun Street 61 #01-63, Singapore 760627",Pfizer/Comirnaty (JN.1) (12 years old & above),760627
Frontier Medical Associates Yishun,"654 Yishun Avenue 4 #01-437, Singapore 760654",Pfizer/Comirnaty (JN.1) (12 years old & above),760654
Royal Care Medical Yishun Grove,"675 Yishun Avenue 4, #01-07, Singapore 760675",Pfizer/Comirnaty (JN.1) (6 months to 4 years old) (5 to 11 years old) (12 years old & above),760675
Healthway Medical (Yishun Street 72),"748 Yishun Street 72 #01-230, Singapore 760748",Pfizer/Comirnaty (JN.1) (12 years old & above),760748
Silver Cross Medical (Yishun Ring Road),"846 Yishun Ring Road, #01-3661, Singapore 760846",Moderna/Spikevax (JN.1) (12 years old and above),760846
Our Yishun Family Clinic,"471B Yishun Street 42, #01-09, Singapore 762471",Pfizer/Comirnaty (JN.1) (6 months to 4 years old) (5 to 11 years old) (12 years old & above),762471
FAITH Clinic (Yishun),"598 Yishun Ring Road, Wisteria Mall #01-11, Singapore 768698",Pfizer/Comirnaty (JN.1) (12 years old & above),768698
Minmed Clinic (Yishun Ring),"598 Yishun Ring Road, Wisteria Mall #01-09, Singapore 768698",Pfizer/Comirnaty (JN.1) (12 years old & above),768698
GoodDoctors Medical Clinic ,"18 Yishun Avenue 9, #02-55, Junction Nine, Singapore 768897","Pfizer/Comirnaty (JN.1) (6 months to 4 years old) (5 to 11 years old) (12 years old & above), Moderna/Spikevax (JN.1)(6 months to 4 years old)(5 years old to 11 years old)(12 years old and above), Novavax /Nuvaxovid (XBB. 1.5) (12 years old & above)",768897
Minmed Clinic (Yishun),"1 Yishun Avenue 2, Northpoint City #02 - 153, Singapore 769098",Moderna/Spikevax (JN.1) (12 years old & above),769098
Raffles Medical (Northpoint),"930 Yishun Avenue 2, Northpoint City, North Wing #03-35, Singapore 769098",Moderna/Spikevax (JN.1) (12 years old and above),769098
New Path Medical & Aesthetics,"926 Upper Thomson Road, Singapore 787120","Pfizer/Comirnaty (JN.1) (12 years old & above), Novavax /Nuvaxovid (XBB. 1.5) (12 years old & above)",787120
OneCare Medical Clinic Fernvale,"417 Fernvale Link #01-10, Singapore 790417",Pfizer/Comirnaty (JN.1) (12 years old & above),790417
Island Family Clinic (Seletar),"455 Sengkang West Avenue #01-14, Singapore 790455",Pfizer/Comirnaty (JN.1) (12 years old & above),790455
Holistic Care Family Clinic,"455 Sengkang West Avenue, #01-10, Singapore 790455",Pfizer/Comirnaty (JN.1) (12 years old & above),790455
Suncare Medical Clinic,"455 Sengkang West Avenue, Multi Storey Car Park #01-08, Singapore 790455",Novavax /Nuvaxovid (XBB. 1.5) (12 years old & above),790455
Etern Medical Clinic (Fernvale Palm) ,"432A Sengkang West Way, #01-03, Singapore 791432",Pfizer/Comirnaty (JN.1) (12 years old & above),791432
DR+ Medical and Paincare Fernvale,"467B Fernvale Link #01-529, Singapore 792467","Pfizer/Comirnaty (JN.1) (6 months to 4 years old) (5 to 11 years old) (12 years old & above), Novavax /Nuvaxovid (XBB. 1.5) (12 years old & above)",792467
ProHealth Medical Group@Fernvale,"33 Sengkang West Avenue, The Seletar Mall, B1-18, Singapore 797653",Pfizer/Comirnaty (JN.1) (12 years old & above),797653
Etern Medical Clinic (Sengkang),"33 Sengkang West Avenue, The Seletar Mall #03-33, Singapore 797653",Pfizer/Comirnaty (JN.1) (12 years old & above),797653
Phoenix Medical Group,"1 Seletar Rd, Greenwich V #02-11, Singapore 807011",Pfizer/Comirnaty (JN.1)(5 to 11 years old)(12 years old & above),807011
Clifford Dispensary PTE LTD,"50 Airport Boulevard, DNATA Building #03-50A, Singapore 819658",Pfizer/Comirnaty (JN.1) (12 years old & above),819658
Raffles Medical (Terminal 3),"65 Airport Boulevard, Singapore Changi Airport, Terminal 3, #B2-01, Singapore 819663 (Located behind 4 Fingers Restaurant)",Pfizer/Comirnaty (JN.1) (12 years old & above),819663
Healthway Medical (Punggol Field),"168 Punggol Field, #02-07A, Singapore 820168",Moderna/Spikevax (JN.1) (12 years old and above),820168
Lifeline Punggol Medical Clinic Pte. Ltd.,"198 Punggol Field #02-03, Singapore 820198",Pfizer/Comirnaty (JN.1) (12 years old & above),820198
Medi Healthcare Clinic (Punggol),"218 Sumang Walk #01-02, Singapore 820218",Pfizer/Comirnaty (JN.1) (12 years old & above),820218
Punggol Family Clinic Pte Ltd,"322 Sumang Walk #01-03, Singapore 820322",Pfizer/Comirnaty (JN.1) (12 years old & above),820322
Pinnacle Family Clinic (Northshore Plaza 1),"407 Northshore Drive, #02-18, Singapore 820407",Pfizer/Comirnaty (JN.1) (12 years old & above),820407
ProHealth Medical Group @Punggol Damai,"612 Punggol Drive, #01-05, Damai Grove, Singapore 820612",Pfizer/Comirnaty (JN.1) (12 years old & above),820612
Kenneth Tan Medical Clinic,"658 Punggol East #01-04, Singapore 820658","Pfizer/Comirnaty (JN.1) (12 years old & above), Moderna/Spikevax (JN.1) (12 years old & above)",820658
Edgedale Medical Clinic,"122A Edgedale Plains, #01-187, Singapore 821122","Pfizer/Comirnaty (JN.1) (6 months to 4 years old) (5 to 11 years old) (12 years old & above), Moderna/Spikevax (JN.1)(5 years old to 11 years old)(12 years old and above) (6 months to 5 years old)",821122
Northeast Medical Group (Punggol),"653A Punggol Drive, #01-05, Singapore 821653",Pfizer/Comirnaty (JN.1) (12 years old & above),821653
PanHealth Family Clinic,"312B Sumang Link, #01-03, Singapore 822312",Pfizer/Comirnaty (JN.1) (12 years old & above),822312
Zenith Medical Clinic,"266C Punggol Way, #01-374, Singapore 823266",Moderna/Spikevax (JN.1)(6 months to 4 years old)(5 years old to 11 years old)(12 years old and above),823266
Etern Medical Clinic (Punggol Sumang LRT),"308C Punggol Walk #01-302, 1 Waterway Terraces, Singapore 823308",Pfizer/Comirnaty (JN.1) (12 years old & above),823308
Punggol Ripples Clinic,"211D Punggol Walk, #01-667, Singapore 824211",Pfizer/Comirnaty (JN.1) (12 years old & above),824211
Prohealth Medical Group @Punggol Spectra,"622D Punggol Central #01-02, Singapore 824622",Novavax /Nuvaxovid (XBB. 1.5) (12 years old & above),824622
Trinity Medical (Punggol),"273C Punggol Place, #01-874, Singapore 828273",Pfizer/Comirnaty (JN.1) (12 years old & above),828273
Raffles Medical (Waterway point),"83 Punggol Central, Waterway Point #02-29, Singapore 828761","Pfizer/Comirnaty (JN.1) (5 to 11 years old), Moderna/Spikevax (JN.1) (12 years old & above)",828761
OneDoctors Family Clinic (Punggol),"83 Punggol Central, Waterway Point #02-17, Singapore 828761",Pfizer/Comirnaty (JN.1) (12 years old & above),828761
Minmed Clinic (Punggol),"83 Punggol Central, Waterway Point #02-15, Singapore 828761",Pfizer/Comirnaty (JN.1) (12 years old & above),828761
Etern Medical Clinic,"70 Pungol Centre (Punggol MRT Station), #01-05, Singapore 828868",Pfizer/Comirnaty (JN.1) (12 years old & above),828868
Raffles Medical (Toa Payoh Central),"177 Toa Payoh Central #01-170, S310177",Moderna/Spikevax (JN.1) (12 years old and above),310177
Normanton Medical Clinic (Normanton Park) Pte. Ltd.,"63 Normanton Park, #01-87, S117287",Pfizer/Comirnaty (JN.1) (6 months to 4 years old) (5 to 11 years old) (12 years old & above),117287
PInnacle Family Clinic (Sengkang),"170A Sengkang East Drive, #01-06, Singapore",Pfizer/Comirnaty (JN.1) (12 years old & above),541170