MALL_NAME,HPM,LAT,LNG,hpb_event_count,hpb_session_count,total_participation,edsh_store_count,edsh_scan_count_12m,catchment_population,catchment_seniors,supermarket_outlet_count
100 AM,0,1.2749347475094,103.843552412915,0,0,0,4,28436,21493,4970,1
111 Somerset,0,1.30030012346783,103.837312465913,27,61,615,2,34601,21068,3039,1
112 Katong,0,1.30520653617341,103.905046110228,3,3,56,4,23235,35844,7786,1
313@somerset,0,1.30101436404056,103.838360664485,0,0,0,6,1785,19324,2751,0
321 Clementi,0,1.31200212030821,103.764986676365,0,0,0,3,0,68115,16402,0
888 Plaza,0,1.43767919837363,103.795136732901,6,54,1062,3,162100,125498,17594,1
AMK Hub,1,1.3693779583276433,103.84847779615366,13,195,6081,63,647674,73646,20916,1
Admiralty Place,0,1.4397314709032,103.80178412105352,0,0,0,0,0,111436,14223,0
Alexandra Central,0,1.287369666541455,103.805349009986,0,0,0,0,0,42917,10246,0
Alexandra Retail Centre,0,1.27398639988204,103.801264139551,3,3,39,14,60973,13827,2732,1
Anchorpoint,1,1.2887747348885399,103.8053088718595,6,54,1069,25,24500,51003,11914,1
Anchorvale Village,0,1.39660437548252,103.888410606895,4,4,34,17,253657,80407,9475,1
Aperia,0,1.3103609385971433,103.86411481398433,27,100,2581,10,33066,36030,9347,1
Beauty World Centre,0,1.34241264188643,103.776539385678,0,0,0,19,90872,24730,5107,1
Bedok Mall,1,1.32475054237912,103.92918919889,3,3,42,31,237603,71074,20674,1
Boon Lay Shopping Centre,0,1.34637376380504,103.712472819666,1,1,3,4,210171,74248,14390,1
Bras Basah Complex,0,1.2968210778865767,103.85362473419299,7,55,822,5,17144,8370,1809,0
Buangkok Square,1,1.383980841797396,103.8819980783484,16,149,2389,9,43941,74219,13244,2
Bugis Junction,1,1.2994627412592599,103.8556832865105,1,1,0,42,71267,16643,4402,1
Bugis Street,1,null,null,0,0,0,0,0,0,0,0
Bugis+,1,1.29966016502847,103.853518084567,0,0,0,9,673,15542,3980,0
Bukit Panjang Plaza,1,1.38052239451717,103.764051414862,7,54,2414,32,204620,98327,20123,1
Bukit Timah Plaza,0,1.33864421450189,103.778572949059,3,50,671,7,141321,18747,4191,1
Bukit Timah Shopping Centre,0,1.34316475341698,103.776031354379,0,0,0,0,0,23683,4901,0
CQ@Clarke Quay,0,1.2903521566013259,103.8457781918886,11,64,808,2,0,14777,4043,0
Canberra Plaza,1,1.44349544527985,103.830345369213,29,94,4667,11,135334,58413,6848,1
Capitol Singapore,0,1.29298775382221,103.851046829843,0,0,0,0,0,5603,1196,0
Causeway Point,0,1.43600784474269,103.78568873405,0,0,0,43,247632,76356,11932,2
Century Square,1,1.35236829566862,103.943812302253,8,78,2113,31,58962,81929,20958,2
Changi City Point,1,1.33414983488993,103.962981783778,7,46,503,49,13142,3690,741,1
Chinatown Point,0,1.2835124676378173,103.84357775391399,11,106,1585,13,126115,24425,6673,1
Cinelesiure,0,1.30149264852924,103.836406753067,0,0,0,4,2686,19940,3048,0
City Plaza,0,1.31480522272254,103.893418325845,0,0,0,0,0,36879,7882,0
City Square Mall,0,1.3111960330469,103.856648119855,4,102,2686,19,179213,39746,9733,1
Citylink,0,1.2927777312893,103.854173501417,0,0,0,6,1453,4276,1064,0
Compass One,1,1.3920543053799,103.895063884132,2,50,290,64,185100,122336,18142,1
Coronation Shopping Plaza,0,1.32383369976841,103.810002032513,0,0,0,5,58434,14364,3067,1
Dawson PLace,0,1.29270339855062,103.810958956467,4,4,32,17,96354,61578,13529,1
Delfi Orchard,0,1.30717805424682,103.82846871252,0,0,0,1,0,14145,2839,0
Depot Heights Shopping Centre,0,1.280854816643415,103.81021760706099,4,4,14,1,36718,39946,10093,1
Djit sun Mall Ang Mo Kio,0,1.37286217975215,103.847644977493,19,301,7191,0,0,68977,19481,0
Djitsun Mall Bedok,0,1.32613455591565,103.929564227143,0,0,0,0,0,78187,22816,0
Downtown East,1,1.3766980678365,103.95514122442,13,141,1719,18,102000,39802,7597,1
Eastpoint Mall,1,1.34269199750599,103.953050756306,7,54,477,12,259118,54098,13514,1
Elias Mall,1,1.378233797109625,103.9421461200345,4,4,19,5,19865,51041,8172,2
Fajar Shopping Centre,0,1.3837765670508135,103.77107313803833,4,4,50,11,20116,85588,17170,2
Far East Square,0,1.2832553980989554,103.8482526610396,34,267,6010,2,0,13787,3846,0
Fortune Centre,0,1.30041423392971,103.852292796726,0,0,0,1,4778,15720,3957,0
Forum Shopping Mall,0,1.30624873073847,103.829034914315,0,0,0,6,5070,14387,2800,0
Funan,1,1.29116965816748,103.849954785643,54,549,12073,33,30078,5463,1642,1
GR.ID,0,1.30010826723486,103.849264127911,0,0,0,1,2278,12268,2878,0
Grantral Mall@Clementi,0,1.31421090199895,103.765144799558,0,0,0,2,0,67277,15482,0
Grantral Mall@Macpherson,0,1.33375187570527,103.887745947807,2,5,63,0,0,24457,5961,0
Great World City,0,1.29380235105066,103.831757911057,19,371,8544,16,82952,40953,8293,1
Greenridge Shopping Centre,0,1.38529556526689,103.766170530147,9,9,168,16,153615,96804,17498,2
Greenwich V,0,1.38739539397015,103.869135978173,0,0,0,7,27472,45482,7729,1
Guoco Tower,0,1.27686946060894,103.84545044863981,17,28,473,6,3445,23438,5331,0
Harbourfront Centre,0,1.26447844519217,103.820315193363,13,60,1090,39,49470,7037,1421,2
Heartland Mall,0,null,null,0,0,0,11,76718,0,0,1
Hillion Mall,1,1.37834972034942,103.76274117487,7,150,2598,35,352211,83497,17463,1
Hillv2,0,1.36267450828024,103.76417292006,0,0,0,6,35316,21447,4039,1
Hougang 1,0,1.37564335420805,103.879512065101,6,51,303,29,282764,83610,19348,1
Hougang Mall,0,1.37248308734511,103.893788141349,3,3,49,22,135767,83325,20006,1
Hougang Rivercourt,1,1.3626130087222799,103.89470371436249,7,55,1309,3,443,43388,11235,2
IMM,1,1.318383944860855,103.770340360027,30,237,7763,23,120847,56675,14068,1
ION Orchard,0,1.30409785787899,103.832251902468,0,0,0,11,16012,19459,3320,1
Icon Village,0,1.27516997523174,103.844496312645,0,0,0,1,18421,20452,4716,0
Jelita Mall,0,1.31754555939886,103.785850542515,0,0,0,3,36144,24215,6013,1
Jem,1,1.332806161101355,103.743382971501,4,59,1104,79,317682,22252,5704,1
Jewel Changi Airport,0,1.36023106736765,103.989457201894,3,3,54,21,45868,1,0,1
Joo Chiat Complex,0,1.31585905896007,103.898376166223,4,4,47,0,0,37633,7877,0
Jubilee Square,0,1.37178558575829,103.847837565378,0,0,0,1,0,70260,19789,0
Junction 10,0,1.38055127973087,103.760106974822,3,3,53,3,0,82670,16721,1
Junction 8,1,1.35023943020568,103.848582233239,43,505,8346,66,320207,48583,12445,1
Junction Nine,0,1.43306021695327,103.841649364872,2,2,35,2,0,75488,14137,1
Jurong Point,1,1.33945200436319,103.706685012654,9,122,3456,25,58581,71362,11823,1
KAP,0,1.33689740327129,103.81502081339534,0,0,0,2,0,3169,787,0
KINEX,1,1.31474238838871,103.8945518516,25,163,4140,5,0,36410,7529,0
Kada@Maxwell,0,1.28033142727315,103.844747227479,1,1,2,108,0,25706,6469,0
Kallang Wave Mall,0,1.30307515150401,103.873149707591,3,117,2846,7,70687,9430,1907,1
Kampung Admiralty,1,1.4395733353700566,103.800804402759,26,396,5467,70,196719,119873,15313,1
Katong Shopping Centre,0,1.3040973115095,103.901515916971,4,41,1064,1,441,31341,6673,0
Katong V,0,1.30386120759163,103.902871405205,0,0,0,1,46571,30652,6544,1
Kitchener Complex,0,1.3085785133212249,103.8616803097545,5,5,49,3,109466,30946,8167,1
Komo Shoppes,0,null,null,0,0,0,1,25271,0,0,1
Le Quest,0,1.3559992788721165,103.74111496405101,0,0,0,4,80511,67565,10250,1
Lentor Modern,0,null,null,0,0,0,1,18219,0,0,1
Limbang Shopping Centre,1,1.3920462948082901,103.74332230311899,8,56,805,4,111906,49383,8593,2
Lot One Shoppers' Mall,1,1.38493874036122,103.745022476677,14,111,3546,49,359914,78040,14403,1
Loyang Point,0,1.36645364010349,103.964598499523,4,4,66,32,77826,53308,10757,2
Lucky Chinatown,0,1.28364109688899,103.843311644287,0,0,0,5,1564,24472,6692,1
Lucky Plaza,0,1.3044637897474,103.834005158524,0,0,0,4,1406,17694,3050,0
Mandarin Orchard,0,1.30206450556085,103.836340953748,0,0,0,0,0,20085,3117,0
Marina Square,0,1.291286279908955,103.857382801884,13,152,3677,10,3132,2278,450,0
Millenia Walk,0,1.29296504146626,103.859343968909,49,777,19396,6,2276,3874,607,0
NTP+,0,1.35202130773919,103.860771976676,7,53,482,0,0,32219,8510,0
New Bahru,0,1.292533740366295,103.83946965071,0,0,0,1,10286,22924,4809,1
New Bridge Centre,0,1.2827539442037,103.842765828008,0,0,0,0,0,26701,7109,0
Nex,1,1.3173806569871125,103.832602953227,7,53,1171,45,527245,16571,2779,2
Ngee Ann City,0,1.30236334302503,103.83484472058099,2,6,162,6,70034,20809,3427,1
Northpoint City,0,1.4286217231799931,103.83619182014634,4,44,1413,70,551519,93832,21351,2
Northshore Plaza,1,1.417361351250375,103.90169810479401,28,108,1696,18,105481,26876,3097,1
Oasis Terraces,1,1.40278015725693,103.913215101343,5,42,1208,15,191783,91311,10488,1
One Holland Village,0,1.3120339536216676,103.793731429766,0,0,0,2,27092,31851,8758,1
One Raffles Place,0,1.28433994320248,103.850982346718,0,0,0,18,0,8335,2451,0
Orchard Central,0,1.30083890839245,103.839434733899,0,0,0,1,0,19891,2790,0
Orchard Gateway,0,1.30160116957544,103.838868886519,0,0,0,0,0,19597,2772,0
Pacific Plaza,0,1.30654704697701,103.832128174215,0,0,0,1,0,17017,3085,0
Palais Renaissance,0,1.30665484543191,103.829588045188,0,0,0,0,0,15414,2912,0
Parc Point,0,1.360278595398732,103.73877441271617,2,25,505,1,34052,56135,7161,1
Parkway Parade,1,1.30126387221013,103.905132814156,2,52,851,38,223527,28145,6266,2
Pasir Ris Mall,0,null,null,1,1,23,9,72155,0,0,1
Pasir Ris West Plaza,0,1.37960140023958,103.9363012991025,4,4,33,21,179842,36252,5853,2
Paya Lebar Quarter,1,1.31756115921,103.892836694432,5,50,1034,32,146182,42030,9691,1
Paya Lebar Square,0,1.31881486980278,103.892580778242,2,9,870,35,6490,40802,9843,1
Peninsula Plaza,0,1.29222075807721,103.850612609298,0,0,0,1,889,5415,1332,0
Peninsula Shopping Complex,0,1.29180507632859,103.850267818788,0,0,0,0,0,5460,1425,0
People Park Complex,0,1.28404487854559,103.842590753293,0,0,0,1,0,24189,6729,0
Pioneer Mall,0,1.34174316145003,103.697286174545,4,4,40,4,93972,112028,19375,1
Plantation Plaza,1,1.35759319436135,103.734174851203,6,38,339,2,81015,50163,5885,1
Plaza Singapura,0,1.30083497231103,103.845072925117,0,0,0,54,82115,14409,2654,2
Punggol Coast Mall,0,1.415138929035872,103.9104785675523,10,74,2044,5,51480,19455,2837,2
Punggol Plaza,0,1.39417447299355,103.913120037036,3,11,97,29,160593,99752,13700,1
Queensway Shopping Centre,0,1.2876179255874,103.803391140455,0,0,0,2,0,35787,8470,0
Raffles City Shopping Centre,0,1.29389357863312,103.853119904656,0,0,0,23,52343,5286,1156,1
Riverside Point,0,1.2892925052942,103.844167619098,0,0,0,2,15872,17824,4915,0
Rivervale Mall,0,1.39219777838449,103.904471600025,0,0,0,28,195070,128938,22173,1
Rivervale Plaza,1,1.38550420775531,103.901988424927,4,4,82,35,381220,108547,17959,1
Rochester Mall,0,1.30540765569962,103.788446680148,1,4,9,0,0,38847,10099,0
Scotts Square,0,1.3058027631811249,103.8330671580415,0,0,0,1,29357,16808,2987,1
Sembawang Point,0,1.4473004927033,103.82010090952433,0,0,0,2,67947,76665,10601,1
Sembawang Shopping Centre,0,1.44175296834191,103.82479165671,1,1,30,20,80069,58087,7612,2
Sengkang Grand Mall,0,1.38298163203344,103.892721007746,14,271,11364,5,133341,101992,17774,1
Serene Centre,0,1.3225953918961,103.813698681482,0,0,0,2,0,12148,2757,0
Shaw Centre,0,1.30615048740141,103.83185337296,0,0,0,0,0,16719,3041,0
Showplace (Resorts World Sentosa),0,1.25524547806487,103.820885377493,0,0,0,7,3559,33,4,0
Siglap Centre,0,1.312870216055821,103.92404043861512,0,0,0,1,0,25343,6080,0
Sim Lim Square,0,1.30302298414827,103.853038663425,0,0,0,0,0,20475,5198,0
Singpost Centre,1,1.31885611019401,103.89406715568,8,53,1255,29,110491,38520,8981,1
Square 2,0,1.32044103104797,103.844192628979,0,0,0,28,59793,29790,5136,1
Sun Plaza,0,1.44820036592783,103.819530140823,0,0,0,20,267157,78981,10921,1
Sunshine Place,0,1.37789727709418,103.739015486021,4,4,33,6,177390,70132,11315,1
Suntec City,1,1.29485990186642,103.860333693777,67,218,6653,22,58064,5688,1212,2
Taman Jurong Shopping Centre,0,1.33484487471259,103.720462024278,4,4,40,14,241142,39323,6821,1
Tampines 1,1,1.35431556516976,103.945019456113,20,91,947,10,46869,84428,20674,3
Tampines Mall,1,1.35250468330971,103.944682574769,13,108,4294,35,342384,81202,20886,1
Tanglin Mall,0,1.30485342102105,103.823883490852,1,2,7,11,26833,11152,2355,2
Tanglin Place,0,1.30527219318576,103.825078876759,0,0,0,0,0,11784,2465,0
Teck Whye SC,0,1.38347037456651,103.75363537491633,0,0,0,0,0,72357,12749,0
Tekka Place,1,1.30512222179237,103.851438822181,0,0,0,4,0,22200,5405,1
Terminal 3,1,1.31461695449668,103.889282391877,28,146,3351,39,76989,47383,10701,1
The Cathay,0,1.29937731917749,103.847741982316,0,0,0,3,0,12284,2567,0
The Central,0,1.292736966959682,103.84269722617239,3,9,441,5,2736,19465,4205,1
The Centrepoint,0,1.3017144122063402,103.839896549137,21,163,3671,5,43329,18953,2696,2
The Clementi Mall,0,1.31535330743269,103.764651852737,0,0,0,20,351885,67386,15379,1
The Flow Mall,0,1.30457354662016,103.904203116447,0,0,0,0,0,34173,7323,0
The Heeren,0,1.30265160142482,103.837367213158,0,0,0,0,0,17873,2779,0
The Paragon,0,1.30372321739269,103.835240308455,0,0,0,6,34945,17615,3049,1
The Poiz Centre,0,1.33135550782584,103.868150095119,0,0,0,11,80865,46166,8817,1
The Seletar Mall,0,1.3914064187312,103.876165682945,0,0,0,18,228397,84407,10588,1
The Shoppes@MBS,0,1.283778729422065,103.8583056970545,0,0,0,10,10286,2137,173,1
The Star Vista,1,1.30681500712523,103.788462732266,3,49,1637,9,47364,39516,10333,1
The Woodleigh Mall,0,1.338785241680985,103.8718615856715,4,101,3662,3,190093,46259,8410,1
Thomson Plaza,0,1.35479436177561,103.830924910072,1,10,22,29,161801,22907,5967,1
Tiong Bahru Plaza,1,1.28633177192832,103.827550771424,5,13,139,42,262560,67849,17695,1
UE Square,0,1.2925333003917816,103.84252497737236,22,66,1355,5,17057,19661,4267,1
United Square,1,1.31733464260511,103.843463184971,10,59,425,11,50319,24194,4314,1
Valley Point,0,1.2931509156788166,103.827100956434,13,43,258,2,28917,47055,10352,1
Velocity @ Novena Square,1,1.31979934279993,103.8438887197415,19,105,1534,30,36091,29100,5015,2
Vista Point,0,1.4308011390122,103.794104795966,4,4,44,8,119786,81145,10526,2
VivoCity,0,1.2646706256306448,103.8219975211945,9,53,1149,59,276975,8846,2096,1
Waterway Point,1,1.40640964880099,103.902130352627,4,53,1369,50,232691,91581,8828,1
West Coast Plaza,0,1.30358622534992,103.76610375397,5,50,500,6,32559,39911,9250,1
West Mall,0,1.35001920979845,103.749244800677,0,0,0,45,59427,76329,16005,2
Westgate,1,1.33431227652545,103.74276523165,23,226,5792,10,1397,31748,8221,1
Wheelock Place,0,1.30467628730252,103.830642027577,0,0,0,1,0,18031,3276,0
White Sands,1,1.36563610941695,103.960861814678,2,52,1378,32,205159,76428,15810,1
Wilkie Edge,0,1.30208598515708,103.849366883599,0,0,0,3,842,15222,3655,0
Wisma Atria,0,1.30369890706785,103.833189592785,17,48,177,12,795,19820,3345,1
Wisteria Mall,0,1.41795288501536,103.841268831617,0,0,0,23,98589,79749,13476,1
Woodlands Mart,0,1.44575077667759,103.798119771428,5,5,39,30,113234,84663,11795,2
Woodlands North Plaza,0,1.44285548185504,103.790965090129,4,4,31,5,80557,68949,10061,1
Woods Square,0,1.434990618687555,103.785305574442,5,51,1263,1,7548,74967,11760,0
Yew Tee Square,0,1.3981266470687002,103.74716712197134,4,4,52,25,117675,66729,10987,0
YewTee Point,1,1.39705741516141,103.746662121143,0,0,0,30,263341,68467,11278,1
Zhongshan Mall,1,1.32694504456951,103.846554377679,2,51,561,7,82048,41493,9216,1
