name,HPM,latitude,longitude,postal,count_of_postal_codes
100 AM,0,1.274682815,103.8434884,079027,1
111 Somerset,0,1.30020625685961,103.8373171327961,238164,1
112 Katong,0,1.305206536173404,103.9050461102276,428802,1
313@somerset,0,1.301014364040584,103.8383606644851,238895,1
321 Clementi,0,1.312002120308228,103.7649866763643,129905,1
888 Plaza,0,1.437123015004346,103.7953143838222,730888,1
Admiralty Place,0,1.439386153805416,103.801706470491,730678,4
Admiralty Place,0,1.439386153805416,103.801706470491,730679,4
Admiralty Place,0,1.439386153805416,103.801706470491,730680,4
Admiralty Place,0,1.439386153805416,103.801706470491,730677,4
Alexandra Central,0,1.287456123776994,103.8054146520141,159971,2
Alexandra Central,0,1.287456123776994,103.8054146520141,159972,2
Alexandra Retail Centre,0,1.274148936,103.8013994,119963,1
AMK Hub,1,1.36938922717718,103.8484779656673,569933,3
AMK Hub,1,1.36938922717718,103.8484779656673,569934,3
AMK Hub,1,1.36938922717718,103.8484779656673,567751,3
Anchorpoint,1,1.288934779744979,103.8056077793991,159953,2
Anchorpoint,1,1.288934779744979,103.8056077793991,159952,2
Anchorvale Village,0,1.396544677116974,103.8881632670274,540339,3
Anchorvale Village,0,1.396544677116974,103.8881632670274,542339,3
Anchorvale Village,0,1.396544677116974,103.8881632670274,541339,3
Aperia,0,1.31047366757341,103.8643132181596,339509,3
Aperia,0,1.31047366757341,103.8643132181596,339511,3
Aperia,0,1.31047366757341,103.8643132181596,339510,3
Beauty World Centre,0,1.342412641886426,103.7765393854061,588177,1
Bedok Mall,1,1.32611970329469,103.929554495615,467360,1
Boon Lay Shopping Centre,0,1.346335524573169,103.7124303734547,640221,1
Bras Basah Complex,0,1.296794863571021,103.8539071855816,180231,3
Bras Basah Complex,0,1.296794863571021,103.8539071855816,180232,3
Bras Basah Complex,0,1.296794863571021,103.8539071855816,180233,3
Buangkok Square,1,1.384587372504694,103.8822490919144,530991,8
Buangkok Square,1,1.384587372504694,103.8822490919144,531991,8
Buangkok Square,1,1.384587372504694,103.8822490919144,531992,8
Buangkok Square,1,1.384587372504694,103.8822490919144,532992,8
Buangkok Square,1,1.384587372504694,103.8822490919144,532991,8
Buangkok Square,1,1.384587372504694,103.8822490919144,530992,8
Buangkok Square,1,1.384587372504694,103.8822490919144,535991,8
Buangkok Square,1,1.384587372504694,103.8822490919144,536991,8
Bugis Junction,1,1.299812607759799,103.8559553992625,188021,2
Bugis Junction,1,1.299812607759799,103.8559553992625,188024,2
Bugis Street,1,1.300673802101928,103.8548309434393,189876,1
Bugis+,1,1.299603689902971,103.8542423474883,188067,1
Bukit Panjang Plaza,1,1.379920451762434,103.764357180314,677743,1
Bukit Timah Plaza,0,1.338631652774515,103.7785854309745,588996,2
Bukit Timah Plaza,0,1.338631652774515,103.7785854309745,588998,2
Bukit Timah Shopping Centre,0,1.343164753416988,103.7760313543784,588179,1
Canberra Plaza,1,1.443495445279841,103.8303453692124,750133,1
Capitol Singapore,0,1.292987753822214,103.8510468298429,178884,1
Causeway Point,0,1.436070065080311,103.7859815242531,738099,1
Century Square,1,1.35236829566862,103.9438123022526,529509,1
Changi City Point,1,1.334036379,103.9629176,486038,1
Chinatown Point,0,1.283017452729275,103.843204514385,059413,4
Chinatown Point,0,1.283017452729275,103.843204514385,058967,4
Chinatown Point,0,1.283017452729275,103.843204514385,058965,4
Chinatown Point,0,1.283017452729275,103.843204514385,058966,4
Cinelesiure,0,1.30152101873534,103.8364296550156,239695,1
City Plaza,0,1.314786897197704,103.8934721151185,409286,1
City Square Mall,0,1.311421031076843,103.8566240199911,208539,1
Citylink,0,1.292777731289308,103.854173501417,039393,1
Compass One,1,1.39205314156707,103.8950705438402,545078,1
Coronation Shopping Plaza,0,1.323835121787596,103.8099995700472,269707,1
CQ@Clarke Quay,0,1.290694526976453,103.8459213740519,179020,5
CQ@Clarke Quay,0,1.290694526976453,103.8459213740519,179023,5
CQ@Clarke Quay,0,1.290694526976453,103.8459213740519,179021,5
CQ@Clarke Quay,0,1.290694526976453,103.8459213740519,179024,5
CQ@Clarke Quay,0,1.290694526976453,103.8459213740519,179022,5
Dawson PLace,0,1.292703398550616,103.810958956467,142057,1
Delfi Orchard,0,1.307178872984664,103.8284699943235,238876,1
Depot Heights Shopping Centre,0,1.280864938609272,103.8101425957688,100108,2
Depot Heights Shopping Centre,0,1.280864938609272,103.8101425957688,101108,2
Djit sun Mall Ang Mo Kio,0,1.37286217975215,103.8476449774928,569663,1
Djitsun Mall Bedok,0,1.326119703294682,103.9295544956149,469661,1
Downtown East,1,1.379127178780095,103.9554447581442,519599,1
Eastpoint Mall,1,1.342705923555769,103.9530246182335,528833,1
Elias Mall,1,1.377828766164656,103.942364336974,510625,2
Elias Mall,1,1.377828766164656,103.942364336974,510623,2
Fajar Shopping Centre,0,1.383777987384137,103.7713506785504,670445,3
Fajar Shopping Centre,0,1.383777987384137,103.7713506785504,670446,3
Fajar Shopping Centre,0,1.383777987384137,103.7713506785504,671446,3
Far East Square,0,1.282714560785899,103.8485901254267,049965,35
Far East Square,0,1.282714560785899,103.8485901254267,049959,35
Far East Square,0,1.282714560785899,103.8485901254267,049561,35
Far East Square,0,1.282714560785899,103.8485901254267,048762,35
Far East Square,0,1.282714560785899,103.8485901254267,049962,35
Far East Square,0,1.282714560785899,103.8485901254267,049568,35
Far East Square,0,1.282714560785899,103.8485901254267,049964,35
Far East Square,0,1.282714560785899,103.8485901254267,048466,35
Far East Square,0,1.282714560785899,103.8485901254267,048761,35
Far East Square,0,1.282714560785899,103.8485901254267,048467,35
Far East Square,0,1.282714560785899,103.8485901254267,049560,35
Far East Square,0,1.282714560785899,103.8485901254267,049565,35
Far East Square,0,1.282714560785899,103.8485901254267,049564,35
Far East Square,0,1.282714560785899,103.8485901254267,049960,35
Far East Square,0,1.282714560785899,103.8485901254267,049963,35
Far East Square,0,1.282714560785899,103.8485901254267,049562,35
Far East Square,0,1.282714560785899,103.8485901254267,049567,35
Far East Square,0,1.282714560785899,103.8485901254267,048765,35
Far East Square,0,1.282714560785899,103.8485901254267,048766,35
Far East Square,0,1.282714560785899,103.8485901254267,048768,35
Far East Square,0,1.282714560785899,103.8485901254267,048468,35
Far East Square,0,1.282714560785899,103.8485901254267,048469,35
Far East Square,0,1.282714560785899,103.8485901254267,048473,35
Far East Square,0,1.282714560785899,103.8485901254267,049570,35
Far East Square,0,1.282714560785899,103.8485901254267,049961,35
Far East Square,0,1.282714560785899,103.8485901254267,049563,35
Far East Square,0,1.282714560785899,103.8485901254267,049566,35
Far East Square,0,1.282714560785899,103.8485901254267,048763,35
Far East Square,0,1.282714560785899,103.8485901254267,048764,35
Far East Square,0,1.282714560785899,103.8485901254267,048767,35
Far East Square,0,1.282714560785899,103.8485901254267,048769,35
Far East Square,0,1.282714560785899,103.8485901254267,048770,35
Far East Square,0,1.282714560785899,103.8485901254267,048470,35
Far East Square,0,1.282714560785899,103.8485901254267,048471,35
Far East Square,0,1.282714560785899,103.8485901254267,048472,35
Fortune Centre,0,1.300422419139759,103.8522866273858,188979,1
Forum Shopping Mall,0,1.306097521645643,103.8286785560409,238884,1
Funan,1,1.291119640281415,103.8498750388073,179105,2
Funan,1,1.291119640281415,103.8498750388073,179097,2
GR.ID,0,1.300108267234854,103.8492641279103,188306,1
Grantral Mall@Clementi,0,1.314270439222949,103.7651474874818,129581,1
Grantral Mall@Macpherson,0,1.333722109,103.8875308,368242,1
Great World City,0,1.293422726500028,103.8320221466545,237994,1
Greenridge Shopping Centre,0,1.385405692832715,103.7662284681845,671524,1
Greenwich V,0,1.387395393970164,103.8691359781725,807011,1
Guoco Tower,0,1.276799927964345,103.8456182956565,078881,5
Guoco Tower,0,1.276799927964345,103.8456182956565,078884,5
Guoco Tower,0,1.276799927964345,103.8456182956565,078883,5
Guoco Tower,0,1.276799927964345,103.8456182956565,078882,5
Guoco Tower,0,1.276799927964345,103.8456182956565,078885,5
Harbourfront Centre,0,1.263775661,103.8185622,099253,2
Harbourfront Centre,0,1.263775661,103.8185622,099549,2
Heartland Mall,0,1.359541773255625,103.8851673727259,530205,1
Hillion Mall,1,1.37843100827587,103.7628427898765,678278,1
Hillv2,0,1.362674508280243,103.7641729200599,667979,1
Hougang 1,0,1.37571530699876,103.879472337592,538692,1
Hougang Mall,0,1.372491186358026,103.8937740666245,538766,1
Hougang Rivercourt,1,1.36220591877146,103.8947421164873,530377,3
Hougang Rivercourt,1,1.36220591877146,103.8947421164873,531377,3
Hougang Rivercourt,1,1.36220591877146,103.8947421164873,532377,3
Icon Village,0,1.275082974,103.8445102,078877,1
IMM,1,1.302101271093222,103.793724128024,609601,2
IMM,1,1.302101271093222,103.793724128024,138648,2
ION Orchard,0,1.303979741445055,103.832032328465,238801,1
Jelita Mall,0,1.317545559398872,103.7858505425145,278628,1
Jem,1,1.333059992695819,103.7435037081684,608549,2
Jem,1,1.333059992695819,103.7435037081684,608550,2
Jewel Changi Airport,0,1.360341006610217,103.9890775502096,819666,1
Joo Chiat Complex,0,1.315876534009996,103.8983780993154,420001,1
Jubilee Square,0,1.371785586,103.8478376,569814,1
Junction 10,0,1.38033681049385,103.7601678834385,677899,1
Junction 8,1,1.350481253450499,103.848760473211,579837,1
Junction Nine,0,1.433122839831811,103.8416609859896,768897,1
Jurong Point,1,1.339452716614461,103.7066850128896,648886,1
Kada@Maxwell,0,1.280331427273161,103.8447472274788,069184,1
Kallang Wave Mall,0,1.30307515150401,103.8731497075906,397628,1
Kampung Admiralty,1,1.439567156551042,103.8010311842803,730676,3
Kampung Admiralty,1,1.439567156551042,103.8010311842803,731676,3
Kampung Admiralty,1,1.439567156551042,103.8010311842803,732676,3
KAP,0,1.337007858671026,103.8864348202392,598292,3
KAP,0,1.337007858671026,103.8864348202392,598332,3
KAP,0,1.337007858671026,103.8864348202392,367998,3
Katong Shopping Centre,0,1.304097311509515,103.9015159169702,437844,1
Katong V,0,1.303946699991795,103.9028255857622,428751,1
KINEX,1,1.314618498892422,103.8947380047679,437157,1
Kitchener Complex,0,1.308327005163521,103.8620058708833,200808,2
Kitchener Complex,0,1.308327005163521,103.8620058708833,200809,2
Komo Shoppes,0,1.360551137268365,103.9700933372727,506790,4
Komo Shoppes,0,1.360551137268365,103.9700933372727,507664,4
Komo Shoppes,0,1.360551137268365,103.9700933372727,506788,4
Komo Shoppes,0,1.360551137268365,103.9700933372727,506789,4
Le Quest,0,1.355662249439935,103.7410973534169,657991,6
Le Quest,0,1.355662249439935,103.7410973534169,657990,6
Le Quest,0,1.355662249439935,103.7410973534169,657992,6
Le Quest,0,1.355662249439935,103.7410973534169,657978,6
Le Quest,0,1.355662249439935,103.7410973534169,657993,6
Le Quest,0,1.355662249439935,103.7410973534169,657977,6
Lentor Modern,0,1.385697007270182,103.8349576903235,788890,5
Lentor Modern,0,1.385697007270182,103.8349576903235,788888,5
Lentor Modern,0,1.385697007270182,103.8349576903235,788887,5
Lentor Modern,0,1.385697007270182,103.8349576903235,788889,5
Lentor Modern,0,1.385697007270182,103.8349576903235,788891,5
Limbang Shopping Centre,1,1.392220331361524,103.743611063324,680533,4
Limbang Shopping Centre,1,1.392220331361524,103.743611063324,681533,4
Limbang Shopping Centre,1,1.392220331361524,103.743611063324,680534,4
Limbang Shopping Centre,1,1.392220331361524,103.743611063324,680532,4
Lot One Shoppers' Mall,1,1.38497459672379,103.7450117663881,689812,1
Loyang Point,0,1.367073575256231,103.964632225014,510259,2
Loyang Point,0,1.367073575256231,103.964632225014,510258,2
Lucky Chinatown,0,1.283653198633762,103.8433096448122,059432,1
Lucky Plaza,0,1.304506046466357,103.8339623398165,238863,1
Mandarin Orchard,0,1.302004717,103.8365842,238897,1
Marina Square,0,1.291117291792165,103.8577582680886,039594,2
Marina Square,0,1.291117291792165,103.8577582680886,039595,2
Millenia Walk,0,1.292605444624933,103.8597249444427,039596,1
New Bahru,0,1.292880418808305,103.8396509397047,239351,2
New Bahru,0,1.292880418808305,103.8396509397047,239359,2
New Bridge Centre,0,1.282816494046038,103.8427107296376,050336,1
Nex,1,1.320803832320556,103.8787293921758,556083,4
Nex,1,1.320803832320556,103.8787293921758,138542,4
Nex,1,1.320803832320556,103.8787293921758,138543,4
Nex,1,1.320803832320556,103.8787293921758,387293,4
Ngee Ann City,0,1.302424171894113,103.8346761247222,238872,3
Ngee Ann City,0,1.302424171894113,103.8346761247222,238873,3
Ngee Ann City,0,1.302424171894113,103.8346761247222,238874,3
Northpoint City,0,1.42790289018678,103.8361776507003,769098,3
Northpoint City,0,1.42790289018678,103.8361776507003,768019,3
Northpoint City,0,1.42790289018678,103.8361776507003,769100,3
Northshore Plaza,1,1.41796176594117,103.9013233510322,820407,2
Northshore Plaza,1,1.41796176594117,103.9013233510322,820418,2
NTP+,0,1.351485853,103.8615332,556741,1
Oasis Terraces,1,1.402780157256932,103.9132151013428,820681,1
One Holland Village,0,1.312102865829644,103.7937742789214,275748,4
One Holland Village,0,1.312102865829644,103.7937742789214,275754,4
One Holland Village,0,1.312102865829644,103.7937742789214,275753,4
One Holland Village,0,1.312102865829644,103.7937742789214,275752,4
One Raffles Place,0,1.284349546223077,103.8510725458335,048616,1
Orchard Central,0,1.300838908392453,103.8394347338989,238896,1
Orchard Gateway,0,1.301601169575445,103.8388688865187,238851,1
Pacific Plaza,0,1.306547046977021,103.8321281742146,228210,1
Palais Renaissance,0,1.306654845431923,103.8295880451874,238871,1
Parc Point,0,1.360433421408648,103.7395700992732,690302,6
Parc Point,0,1.360433421408648,103.7395700992732,694302,6
Parc Point,0,1.360433421408648,103.7395700992732,691302,6
Parc Point,0,1.360433421408648,103.7395700992732,692302,6
Parc Point,0,1.360433421408648,103.7395700992732,693302,6
Parc Point,0,1.360433421408648,103.7395700992732,690303,6
Parkway Parade,1,1.301069755063101,103.9052794915233,449269,1
Pasir Ris Mall,0,1.373824377794677,103.9487488736156,519612,1
Pasir Ris West Plaza,0,1.379668120441751,103.9365746136632,510734,2
Pasir Ris West Plaza,0,1.379668120441751,103.9365746136632,510735,2
Paya Lebar Quarter,1,1.317708868989965,103.8934146635971,409057,1
Paya Lebar Square,0,1.318814870076511,103.8925807785135,409051,1
Peninsula Plaza,0,1.292317422288004,103.8508031797687,179098,1
Peninsula Shopping Complex,0,1.291807896019869,103.8502726378534,179804,1
People Park Complex ,0,1.284133971784198,103.8425199726656,059108,1
Pioneer Mall,0,1.341692392142922,103.6971748421173,640638,1
Plantation Plaza,1,1.357593194361345,103.7341748512027,690127,1
Plaza Singapura,0,1.300747709639166,103.8450475734307,238839,1
Punggol Coast Mall,0,1.414773534913812,103.9106142924083,829909,10
Punggol Coast Mall,0,1.414773534913812,103.9106142924083,829911,10
Punggol Coast Mall,0,1.414773534913812,103.9106142924083,829912,10
Punggol Coast Mall,0,1.414773534913812,103.9106142924083,829853,10
Punggol Coast Mall,0,1.414773534913812,103.9106142924083,829854,10
Punggol Coast Mall,0,1.414773534913812,103.9106142924083,829855,10
Punggol Coast Mall,0,1.414773534913812,103.9106142924083,829856,10
Punggol Coast Mall,0,1.414773534913812,103.9106142924083,829857,10
Punggol Coast Mall,0,1.414773534913812,103.9106142924083,829910,10
Punggol Coast Mall,0,1.414773534913812,103.9106142924083,829913,10
Punggol Plaza,0,1.39423719717118,103.913047323223,820168,1
Queensway Shopping Centre,0,1.287595189398704,103.8033972877883,149053,1
Raffles City Shopping Centre,0,1.293893579,103.8531199,179103,1
Riverside Point,0,1.289292505294204,103.8441676190972,058282,1
Rivervale Mall,0,1.392197778384503,103.9044716000245,545082,1
Rivervale Plaza,1,1.385337361077732,103.9018410441215,540118,1
Rochester Mall,0,1.305407656,103.7884467,138639,1
Scotts Square,0,1.305799429661715,103.8330747062191,228209,2
Scotts Square,0,1.305799429661715,103.8330747062191,228238,2
Sembawang Point,0,1.449566486,103.8186411,750355,3
Sembawang Point,0,1.449566486,103.8186411,750406,3
Sembawang Point,0,1.449566486,103.8186411,758440,3
Sembawang Shopping Centre,0,1.441824706757328,103.8248452072371,758459,1
Sengkang Grand Mall,0,1.382981632307178,103.8927210080175,544692,2
Sengkang Grand Mall,0,1.382981632307178,103.8927210080175,544575,2
Serene Centre,0,1.3225246443153,103.8137065295714,258748,1
Shaw Centre,0,1.306113346556505,103.8319705818116,228208,1
Showplace (Resorts World Sentosa),0,1.257038644685504,103.8220387144045,098138,1
Siglap Centre,0,1.312886617936242,103.9240583431442,455871,9
Siglap Centre,0,1.312886617936242,103.9240583431442,459092,9
Siglap Centre,0,1.312886617936242,103.9240583431442,459104,9
Siglap Centre,0,1.312886617936242,103.9240583431442,459094,9
Siglap Centre,0,1.312886617936242,103.9240583431442,459098,9
Siglap Centre,0,1.312886617936242,103.9240583431442,459102,9
Siglap Centre,0,1.312886617936242,103.9240583431442,459100,9
Siglap Centre,0,1.312886617936242,103.9240583431442,459106,9
Siglap Centre,0,1.312886617936242,103.9240583431442,459096,9
Sim Lim Square,0,1.303024260571796,103.8530378140664,188504,1
Singpost Centre,1,1.367657110496312,103.9089550035539,408600,3
Singpost Centre,1,1.367657110496312,103.9089550035539,533864,3
Singpost Centre,1,1.367657110496312,103.9089550035539,533863,3
Square 2,0,1.320705109568455,103.8441607096606,307506,1
Sun Plaza,0,1.3591201098526,103.946269422122,757713,1
Sunshine Place,0,1.377897275999276,103.7390154860207,680475,1
Suntec City,1,1.295931894771942,103.8590144067362,038983,1
Taman Jurong Shopping Centre,0,1.334844851992345,103.7204620142154,610399,1
Tampines 1,1,1.352701602722757,103.9429035678079,529540,1
Tampines Mall,1,1.352527372785196,103.9446987510717,529510,1
Tanglin Mall,0,1.304843441969151,103.8238527947718,247933,1
Tanglin Place,0,1.305272193185753,103.8250788767588,247918,1
Teck Whye SC,0,1.383649968344577,103.7532918570159,688845,3
Teck Whye SC,0,1.383649968344577,103.7532918570159,688848,3
Teck Whye SC,0,1.383649968344577,103.7532918570159,688261,3
Tekka Place,1,1.304628719492547,103.8522269846324,218227,1
Terminal 3,1,1.356626094134892,103.9865622084943,819663,1
The Cathay,0,1.29957090027016,103.8476941788664,229233,2
The Cathay,0,1.29957090027016,103.8476941788664,228464,2
The Central,0,1.298532876755191,103.8369260784155,059817,5
The Central,0,1.298532876755191,103.8369260784155,059818,5
The Central,0,1.298532876755191,103.8369260784155,059819,5
The Central,0,1.298532876755191,103.8369260784155,239899,5
The Central,0,1.298532876755191,103.8369260784155,239897,5
The Centrepoint,0,1.302009777666765,103.8397766312135,238843,2
The Centrepoint,0,1.302009777666765,103.8397766312135,238844,2
The Clementi Mall,0,1.314896196393653,103.764423054189,129588,1
The Flow Mall,0,1.304573546620177,103.9042031164471,428778,1
The Heeren,0,1.302651601424818,103.8373672131579,238855,1
The Paragon,0,1.303872308799947,103.8358575454689,238859,1
The Poiz Centre,0,1.331497080736245,103.8682140253298,347697,1
The Seletar Mall,0,1.391470153746278,103.876125507257,797653,1
The Shoppes@MBS,0,1.284234960270266,103.8589822829701,018972,2
The Shoppes@MBS,0,1.284234960270266,103.8589822829701,018958,2
The Star Vista,1,1.30697044,103.7884203,138617,1
The Woodleigh Mall,0,1.338730664155658,103.8716700084639,367803,2
The Woodleigh Mall,0,1.338730664155658,103.8716700084639,367897,2
Thomson Plaza,0,1.35432524209239,103.830328102928,574408,1
Tiong Bahru Plaza,1,1.286458894728254,103.8270152561934,168732,1
UE Square,0,1.293111066474587,103.8418105708355,239920,6
UE Square,0,1.293111066474587,103.8418105708355,239917,6
UE Square,0,1.293111066474587,103.8418105708355,239918,6
UE Square,0,1.293111066474587,103.8418105708355,239919,6
UE Square,0,1.293111066474587,103.8418105708355,238274,6
UE Square,0,1.293111066474587,103.8418105708355,238275,6
United Square,1,1.317194509885588,103.8436114430376,307591,1
Valley Point,0,1.293072253,103.8270759,248371,3
Valley Point,0,1.293072253,103.8270759,248372,3
Valley Point,0,1.293072253,103.8270759,248373,3
Velocity @ Novena Square,1,1.319295425,103.8441914,307683,2
Velocity @ Novena Square,1,1.319295425,103.8441914,307685,2
Vista Point,0,1.430897146030165,103.7939274294759,730548,1
VivoCity,0,1.265050842627599,103.8216245803924,098585,2
VivoCity,0,1.265050842627599,103.8216245803924,098886,2
Waterway Point,1,1.406484621320066,103.9021056807848,828761,1
West Coast Plaza,0,1.303697489711002,103.7661312946774,127371,1
West Mall,0,1.350021075943163,103.7492164938305,658713,1
Westgate,1,1.334599257412886,103.7429444516193,608532,2
Westgate,1,1.334599257412886,103.7429444516193,608531,2
Wheelock Place,0,1.304676287302523,103.8306420275763,238880,1
White Sands,1,1.365557146685551,103.9609188693188,518457,2
White Sands,1,1.365557146685551,103.9609188693188,519075,2
Wilkie Edge,0,1.302122027196933,103.8495113113922,228095,1
Wisma Atria,0,1.303704774261485,103.8332057528079,238877,1
Wisteria Mall,0,1.417952885015354,103.841268831617,768698,1
Woodlands Mart,0,1.445622907202213,103.7981409938909,730768,1
Woodlands North Plaza,0,1.442753343277944,103.7905480155114,730883,1
Woods Square,0,1.434758115382413,103.7853654726456,737715,4
Woods Square,0,1.434758115382413,103.7853654726456,737737,4
Woods Square,0,1.434758115382413,103.7853654726456,737714,4
Woods Square,0,1.434758115382413,103.7853654726456,737713,4
Yew Tee Square,0,1.398321345294623,103.747344865384,680624,3
Yew Tee Square,0,1.398321345294623,103.747344865384,680622,3
Yew Tee Square,0,1.398321345294623,103.747344865384,680623,3
YewTee Point,1,1.396969922679733,103.7464431982236,689578,1
Zhongshan Mall,1,1.326945045,103.8465544,329984,1
